Time,Lat,Lon,Alt,Speed_kmh,Sats,Fix
2025-12-24T11:54:20.934Z,38.90276400,121.68367500,72.70,2.17,12,1
2025-12-24T11:54:21.037Z,38.90276400,121.68367500,72.70,2.17,12,1
2025-12-24T11:54:21.132Z,38.90276400,121.68367500,72.70,2.17,12,1
2025-12-24T11:54:21.230Z,38.90276500,121.68368600,72.70,4.85,12,1
2025-12-24T11:54:21.329Z,38.90276500,121.68368600,72.70,4.85,12,1
2025-12-24T11:54:21.428Z,38.90276500,121.68368600,72.70,4.85,12,1
2025-12-24T11:54:21.528Z,38.90276500,121.68368600,72.70,4.85,12,1
2025-12-24T11:54:21.626Z,38.90276500,121.68368600,72.70,4.85,12,1
2025-12-24T11:54:21.726Z,38.90276500,121.68368600,72.70,4.85,12,1
2025-12-24T11:54:21.824Z,38.90276500,121.68368600,72.70,4.85,12,1
2025-12-24T11:54:21.956Z,38.90276500,121.68368600,72.70,4.85,12,1
2025-12-24T11:54:22.022Z,38.90276500,121.68368600,72.70,4.85,12,1
2025-12-24T11:54:22.121Z,38.90276700,121.68370600,72.70,7.82,12,1
2025-12-24T11:54:22.253Z,38.90276700,121.68370600,72.40,7.82,12,1
2025-12-24T11:54:22.352Z,38.90276700,121.68370600,72.40,7.82,12,1
2025-12-24T11:54:22.451Z,38.90276700,121.68370600,72.40,7.82,12,1
2025-12-24T11:54:22.549Z,38.90276700,121.68370600,72.40,7.82,12,1
2025-12-24T11:54:22.648Z,38.90276700,121.68370600,72.40,7.82,12,1
2025-12-24T11:54:22.747Z,38.90276700,121.68370600,72.40,7.82,12,1
2025-12-24T11:54:22.912Z,38.90276700,121.68370600,72.40,7.82,12,1
2025-12-24T11:54:22.946Z,38.90276700,121.68370600,72.40,7.82,12,1
2025-12-24T11:54:23.046Z,38.90276700,121.68370600,72.40,7.82,12,1
2025-12-24T11:54:23.143Z,38.90277100,121.68374100,71.90,13.52,12,1
2025-12-24T11:54:23.245Z,38.90277100,121.68374100,71.90,13.52,12,1
2025-12-24T11:54:23.343Z,38.90277100,121.68374100,71.90,13.52,12,1
2025-12-24T11:54:23.440Z,38.90277100,121.68374100,71.90,13.52,12,1
2025-12-24T11:54:23.541Z,38.90277100,121.68374100,71.90,13.52,12,1
2025-12-24T11:54:23.672Z,38.90277100,121.68374100,71.90,13.52,12,1
2025-12-24T11:54:23.771Z,38.90277100,121.68374100,71.90,13.52,12,1
2025-12-24T11:54:23.871Z,38.90277100,121.68374100,71.90,13.52,12,1
2025-12-24T11:54:23.936Z,38.90277100,121.68374100,71.90,13.52,12,1
2025-12-24T11:54:24.069Z,38.90277100,121.68374100,71.90,13.52,12,1
2025-12-24T11:54:24.167Z,38.90277700,121.68379500,71.30,19.22,12,1
2025-12-24T11:54:24.266Z,38.90277700,121.68379500,71.30,19.22,12,1
2025-12-24T11:54:24.366Z,38.90277700,121.68379500,71.30,19.22,12,1
2025-12-24T11:54:24.463Z,38.90277700,121.68379500,71.30,19.22,12,1
2025-12-24T11:54:24.565Z,38.90277700,121.68379500,71.30,19.22,12,1
2025-12-24T11:54:24.663Z,38.90277700,121.68379500,71.30,19.22,12,1
2025-12-24T11:54:24.762Z,38.90277700,121.68379500,71.30,19.22,12,1
2025-12-24T11:54:24.928Z,38.90277700,121.68379500,71.30,19.22,12,1
2025-12-24T11:54:24.965Z,38.90277700,121.68379500,71.30,19.22,12,1
2025-12-24T11:54:25.059Z,38.90277700,121.68379500,71.30,19.22,12,1
2025-12-24T11:54:25.157Z,38.90278300,121.68386400,70.60,23.76,12,1
2025-12-24T11:54:25.256Z,38.90278300,121.68386400,70.60,23.76,12,1
2025-12-24T11:54:25.356Z,38.90278300,121.68386400,70.60,23.76,12,1
2025-12-24T11:54:25.456Z,38.90278300,121.68386400,70.60,23.76,12,1
2025-12-24T11:54:25.587Z,38.90278300,121.68386400,70.60,23.76,12,1
2025-12-24T11:54:25.685Z,38.90278300,121.68386400,70.60,23.76,12,1
2025-12-24T11:54:25.785Z,38.90278300,121.68386400,70.60,23.76,12,1
2025-12-24T11:54:25.884Z,38.90278300,121.68386400,70.60,23.76,12,1
2025-12-24T11:54:25.950Z,38.90278300,121.68386400,70.60,23.76,12,1
2025-12-24T11:54:26.082Z,38.90278300,121.68386400,70.60,23.76,12,1
2025-12-24T11:54:26.181Z,38.90278800,121.68394800,69.90,28.04,12,1
2025-12-24T11:54:26.280Z,38.90278800,121.68394800,69.90,28.04,12,1
2025-12-24T11:54:26.379Z,38.90278800,121.68394800,69.90,28.04,12,1
2025-12-24T11:54:26.478Z,38.90278800,121.68394800,69.90,28.04,12,1
2025-12-24T11:54:26.576Z,38.90278800,121.68394800,69.90,28.04,12,1
2025-12-24T11:54:26.676Z,38.90278800,121.68394800,69.90,28.04,12,1
2025-12-24T11:54:26.808Z,38.90278800,121.68394800,69.90,28.04,12,1
2025-12-24T11:54:26.907Z,38.90278800,121.68394800,69.90,28.04,12,1
2025-12-24T11:54:26.973Z,38.90278800,121.68394800,69.90,28.04,12,1
2025-12-24T11:54:27.072Z,38.90278800,121.68394800,69.90,28.04,12,1
2025-12-24T11:54:27.204Z,38.90278800,121.68404600,69.20,32.72,12,1
2025-12-24T11:54:27.303Z,38.90278800,121.68404600,69.20,32.72,12,1
2025-12-24T11:54:27.402Z,38.90278800,121.68404600,69.20,32.72,12,1
2025-12-24T11:54:27.468Z,38.90278800,121.68404600,69.20,32.72,12,1
2025-12-24T11:54:27.600Z,38.90278800,121.68404600,69.20,32.72,12,1
2025-12-24T11:54:27.700Z,38.90278800,121.68404600,69.20,32.72,12,1
2025-12-24T11:54:27.798Z,38.90278800,121.68404600,69.20,32.72,12,1
2025-12-24T11:54:27.897Z,38.90278800,121.68404600,69.20,32.72,12,1
2025-12-24T11:54:27.996Z,38.90278800,121.68404600,69.20,32.72,12,1
2025-12-24T11:54:28.161Z,38.90278800,121.68404600,69.20,32.72,12,1
2025-12-24T11:54:28.194Z,38.90278500,121.68416000,68.40,37.04,12,1
2025-12-24T11:54:28.293Z,38.90278500,121.68416000,68.40,37.04,12,1
2025-12-24T11:54:28.392Z,38.90278500,121.68416000,68.40,37.04,12,1
2025-12-24T11:54:28.491Z,38.90278500,121.68416000,68.40,37.04,12,1
2025-12-24T11:54:28.590Z,38.90278500,121.68416000,68.40,37.04,12,1
2025-12-24T11:54:28.689Z,38.90278500,121.68416000,68.40,37.04,12,1
2025-12-24T11:54:28.822Z,38.90278500,121.68416000,68.40,37.04,12,1
2025-12-24T11:54:28.887Z,38.90278500,121.68416000,68.40,37.04,12,1
2025-12-24T11:54:29.019Z,38.90278500,121.68416000,68.40,37.04,12,1
2025-12-24T11:54:29.119Z,38.90278500,121.68416000,68.40,37.04,12,1
2025-12-24T11:54:29.217Z,38.90277800,121.68428200,67.50,39.37,12,1
2025-12-24T11:54:29.317Z,38.90277800,121.68428200,67.50,39.37,12,1
2025-12-24T11:54:29.415Z,38.90277800,121.68428200,67.50,39.37,12,1
2025-12-24T11:54:29.514Z,38.90277800,121.68428200,67.50,39.37,12,1
2025-12-24T11:54:29.613Z,38.90277800,121.68428200,67.50,39.37,12,1
2025-12-24T11:54:29.713Z,38.90277800,121.68428200,67.50,39.37,12,1
2025-12-24T11:54:29.811Z,38.90277800,121.68428200,67.50,39.37,12,1
2025-12-24T11:54:29.911Z,38.90277800,121.68428200,67.50,39.37,12,1
2025-12-24T11:54:30.010Z,38.90277800,121.68428200,67.50,39.37,12,1
2025-12-24T11:54:30.143Z,38.90277800,121.68428200,67.50,39.37,12,1
2025-12-24T11:54:30.207Z,38.90277000,121.68441000,66.70,40.80,12,1
2025-12-24T11:54:30.307Z,38.90277000,121.68441000,66.70,40.80,12,1
2025-12-24T11:54:30.440Z,38.90277000,121.68441000,66.70,40.80,12,1
2025-12-24T11:54:30.505Z,38.90277000,121.68441000,66.70,40.80,12,1
2025-12-24T11:54:30.605Z,38.90277000,121.68441000,66.70,40.80,12,1
2025-12-24T11:54:30.737Z,38.90277000,121.68441000,66.70,40.80,12,1
2025-12-24T11:54:30.903Z,38.90277000,121.68441000,66.70,40.80,12,1
2025-12-24T11:54:30.936Z,38.90277000,121.68441000,66.70,40.80,12,1
2025-12-24T11:54:31.032Z,38.90277000,121.68441000,66.70,40.80,12,1
2025-12-24T11:54:31.134Z,38.90277000,121.68441000,66.70,40.80,12,1
2025-12-24T11:54:31.231Z,38.90275900,121.68454200,65.80,41.61,12,1
2025-12-24T11:54:31.331Z,38.90275900,121.68454200,65.80,41.61,12,1
2025-12-24T11:54:31.464Z,38.90275900,121.68454200,65.80,41.61,12,1
2025-12-24T11:54:31.528Z,38.90275900,121.68454200,65.80,41.61,12,1
2025-12-24T11:54:31.628Z,38.90275900,121.68454200,65.80,41.61,12,1
2025-12-24T11:54:31.727Z,38.90275900,121.68454200,65.80,41.61,12,1
2025-12-24T11:54:31.858Z,38.90275900,121.68454200,65.80,41.61,12,1
2025-12-24T11:54:31.924Z,38.90275900,121.68454200,65.80,41.61,12,1
2025-12-24T11:54:32.023Z,38.90275900,121.68454200,65.80,41.61,12,1
2025-12-24T11:54:32.122Z,38.90275900,121.68454200,65.80,41.61,12,1
2025-12-24T11:54:32.221Z,38.90274000,121.68467400,64.70,42.43,12,1
2025-12-24T11:54:32.320Z,38.90274000,121.68467400,64.70,42.43,12,1
2025-12-24T11:54:32.419Z,38.90274000,121.68467400,64.70,42.43,12,1
2025-12-24T11:54:32.551Z,38.90274000,121.68467400,64.70,42.43,12,1
2025-12-24T11:54:32.650Z,38.90274000,121.68467400,64.70,42.43,12,1
2025-12-24T11:54:32.748Z,38.90274000,121.68467400,64.70,42.43,12,1
2025-12-24T11:54:32.881Z,38.90274000,121.68467400,64.70,42.43,12,1
2025-12-24T11:54:32.946Z,38.90274000,121.68467400,64.70,42.43,12,1
2025-12-24T11:54:33.045Z,38.90274000,121.68467400,64.70,42.43,12,1
2025-12-24T11:54:33.145Z,38.90274000,121.68467400,64.70,42.43,12,1
2025-12-24T11:54:33.244Z,38.90270800,121.68480400,63.50,42.89,12,1
2025-12-24T11:54:33.343Z,38.90270800,121.68480400,63.50,42.89,12,1
2025-12-24T11:54:33.541Z,38.90270800,121.68480400,63.50,42.89,12,1
2025-12-24T11:54:33.579Z,38.90270800,121.68480400,63.50,42.89,12,1
2025-12-24T11:54:33.672Z,38.90270800,121.68480400,63.50,42.89,12,1
2025-12-24T11:54:33.739Z,38.90270800,121.68480400,63.50,42.89,12,1
2025-12-24T11:54:33.838Z,38.90270800,121.68480400,63.50,42.89,12,1
2025-12-24T11:54:33.937Z,38.90270800,121.68480400,63.50,42.89,12,1
2025-12-24T11:54:34.101Z,38.90270800,121.68480400,63.50,42.89,12,1
2025-12-24T11:54:34.135Z,38.90266000,121.68492700,62.40,43.84,12,1
2025-12-24T11:54:34.267Z,38.90266000,121.68492700,62.40,43.84,12,1
2025-12-24T11:54:34.366Z,38.90266000,121.68492700,62.40,43.84,12,1
2025-12-24T11:54:34.465Z,38.90266000,121.68492700,62.40,43.84,12,1
2025-12-24T11:54:34.564Z,38.90266000,121.68492700,62.40,43.84,12,1
2025-12-24T11:54:34.663Z,38.90266000,121.68492700,62.40,43.84,12,1
2025-12-24T11:54:34.795Z,38.90266000,121.68492700,62.40,43.84,12,1
2025-12-24T11:54:34.861Z,38.90266000,121.68492700,62.40,43.84,12,1
2025-12-24T11:54:34.960Z,38.90266000,121.68492700,62.40,43.84,12,1
2025-12-24T11:54:35.059Z,38.90266000,121.68492700,62.40,43.84,12,1
2025-12-24T11:54:35.158Z,38.90259700,121.68504700,61.20,46.32,12,1
2025-12-24T11:54:35.257Z,38.90259700,121.68504700,61.20,46.32,12,1
2025-12-24T11:54:35.390Z,38.90259700,121.68504700,61.20,46.32,12,1
2025-12-24T11:54:35.488Z,38.90259700,121.68504700,61.20,46.32,12,1
2025-12-24T11:54:35.554Z,38.90259700,121.68504700,61.20,46.32,12,1
2025-12-24T11:54:35.686Z,38.90259700,121.68504700,61.20,46.32,12,1
2025-12-24T11:54:35.785Z,38.90259700,121.68504700,61.20,46.32,12,1
2025-12-24T11:54:35.884Z,38.90259700,121.68504700,61.20,46.32,12,1
2025-12-24T11:54:35.983Z,38.90259700,121.68504700,61.20,46.32,12,1
2025-12-24T11:54:36.148Z,38.90259700,121.68504700,61.20,46.32,12,1
2025-12-24T11:54:36.181Z,38.90252400,121.68517000,60.10,49.30,12,1
2025-12-24T11:54:36.280Z,38.90252400,121.68517000,60.10,49.30,12,1
2025-12-24T11:54:36.379Z,38.90252400,121.68517000,60.10,49.30,12,1
2025-12-24T11:54:36.477Z,38.90252400,121.68517000,60.10,49.30,12,1
2025-12-24T11:54:36.577Z,38.90252400,121.68517000,60.10,49.30,12,1
2025-12-24T11:54:36.743Z,38.90252400,121.68517000,60.10,49.30,12,1
2025-12-24T11:54:36.776Z,38.90252400,121.68517000,60.10,49.30,12,1
2025-12-24T11:54:36.874Z,38.90252400,121.68517000,60.10,49.30,12,1
2025-12-24T11:54:36.973Z,38.90252400,121.68517000,60.10,49.30,12,1
2025-12-24T11:54:37.072Z,38.90252400,121.68517000,60.10,49.30,12,1
2025-12-24T11:54:37.171Z,38.90244700,121.68529800,58.90,51.02,12,1
2025-12-24T11:54:37.304Z,38.90244700,121.68529800,58.90,51.02,12,1
2025-12-24T11:54:37.402Z,38.90244700,121.68529800,58.90,51.02,12,1
2025-12-24T11:54:37.501Z,38.90244700,121.68529800,58.90,51.02,12,1
2025-12-24T11:54:37.600Z,38.90244700,121.68529800,58.90,51.02,12,1
2025-12-24T11:54:37.699Z,38.90244700,121.68529800,58.90,51.02,12,1
2025-12-24T11:54:37.798Z,38.90244700,121.68529800,58.90,51.02,12,1
2025-12-24T11:54:37.897Z,38.90244700,121.68529800,58.90,51.02,12,1
2025-12-24T11:54:37.996Z,38.90244700,121.68529800,58.90,51.02,12,1
2025-12-24T11:54:38.095Z,38.90244700,121.68529800,58.90,51.02,12,1
2025-12-24T11:54:38.194Z,38.90237200,121.68542700,57.90,49.93,12,1
2025-12-24T11:54:38.293Z,38.90237200,121.68542700,57.90,49.93,12,1
2025-12-24T11:54:38.392Z,38.90237200,121.68542700,57.90,49.93,12,1
2025-12-24T11:54:38.491Z,38.90237200,121.68542700,57.90,49.93,12,1
2025-12-24T11:54:38.590Z,38.90237200,121.68542700,57.90,49.93,12,1
2025-12-24T11:54:38.722Z,38.90237200,121.68542700,57.90,49.93,12,1
2025-12-24T11:54:38.822Z,38.90237200,121.68542700,57.90,49.93,12,1
2025-12-24T11:54:38.920Z,38.90237200,121.68542700,57.90,49.93,12,1
2025-12-24T11:54:39.019Z,38.90237200,121.68542700,57.90,49.93,12,1
2025-12-24T11:54:39.119Z,38.90237200,121.68542700,57.90,49.93,12,1
2025-12-24T11:54:39.217Z,38.90230200,121.68554800,57.10,45.82,12,1
2025-12-24T11:54:39.317Z,38.90230200,121.68554800,57.10,45.82,12,1
2025-12-24T11:54:39.448Z,38.90230200,121.68554800,57.10,45.82,12,1
2025-12-24T11:54:39.492Z,38.90230200,121.68554800,57.10,45.82,12,1
2025-12-24T11:54:39.613Z,38.90230200,121.68554800,57.10,45.82,12,1
2025-12-24T11:54:39.712Z,38.90230200,121.68554800,57.10,45.82,12,1
2025-12-24T11:54:39.811Z,38.90230200,121.68554800,57.10,45.82,12,1
2025-12-24T11:54:39.910Z,38.90230200,121.68554800,57.10,45.82,12,1
2025-12-24T11:54:40.076Z,38.90230200,121.68554800,57.10,45.82,12,1
2025-12-24T11:54:40.108Z,38.90230200,121.68554800,57.10,45.82,12,1
2025-12-24T11:54:40.207Z,38.90224200,121.68566000,56.30,41.32,12,1
2025-12-24T11:54:40.306Z,38.90224200,121.68566000,56.30,41.32,12,1
2025-12-24T11:54:40.405Z,38.90224200,121.68566000,56.30,41.32,12,1
2025-12-24T11:54:40.505Z,38.90224200,121.68566000,56.30,41.32,12,1
2025-12-24T11:54:40.636Z,38.90224200,121.68566000,56.30,41.32,12,1
2025-12-24T11:54:40.735Z,38.90224200,121.68566000,56.30,41.32,12,1
2025-12-24T11:54:40.834Z,38.90224200,121.68566000,56.30,41.32,12,1
2025-12-24T11:54:40.935Z,38.90224200,121.68566000,56.30,41.32,12,1
2025-12-24T11:54:41.035Z,38.90224200,121.68566000,56.30,41.32,12,1
2025-12-24T11:54:41.131Z,38.90224200,121.68566000,56.30,41.32,12,1
2025-12-24T11:54:41.231Z,38.90218400,121.68576400,55.70,39.47,12,1
2025-12-24T11:54:41.330Z,38.90218400,121.68576400,55.70,39.47,12,1
2025-12-24T11:54:41.430Z,38.90218400,121.68576400,55.70,39.47,12,1
2025-12-24T11:54:41.530Z,38.90218400,121.68576400,55.70,39.47,12,1
2025-12-24T11:54:41.628Z,38.90218400,121.68576400,55.70,39.47,12,1
2025-12-24T11:54:41.726Z,38.90218400,121.68576400,55.70,39.47,12,1
2025-12-24T11:54:41.825Z,38.90218400,121.68576400,55.70,39.47,12,1
2025-12-24T11:54:41.924Z,38.90218400,121.68576400,55.70,39.47,12,1
2025-12-24T11:54:42.023Z,38.90218400,121.68576400,55.70,39.47,12,1
2025-12-24T11:54:42.155Z,38.90218400,121.68576400,55.70,39.47,12,1
2025-12-24T11:54:42.254Z,38.90212300,121.68586300,55.10,39.13,12,1
2025-12-24T11:54:42.354Z,38.90212300,121.68586300,55.10,39.13,12,1
2025-12-24T11:54:42.452Z,38.90212300,121.68586300,55.10,39.13,12,1
2025-12-24T11:54:42.553Z,38.90212300,121.68586300,55.10,39.13,12,1
2025-12-24T11:54:42.650Z,38.90212300,121.68586300,55.10,39.13,12,1
2025-12-24T11:54:42.749Z,38.90212300,121.68586300,55.10,39.13,12,1
2025-12-24T11:54:42.849Z,38.90212300,121.68586300,55.10,39.13,12,1
2025-12-24T11:54:42.948Z,38.90212300,121.68586300,55.10,39.13,12,1
2025-12-24T11:54:43.045Z,38.90212300,121.68586300,55.10,39.13,12,1
2025-12-24T11:54:43.144Z,38.90205700,121.68595800,54.60,40.02,12,1
2025-12-24T11:54:43.245Z,38.90205700,121.68595800,54.60,40.02,12,1
2025-12-24T11:54:43.375Z,38.90205700,121.68595800,54.60,40.02,12,1
2025-12-24T11:54:43.445Z,38.90205700,121.68595800,54.60,40.02,12,1
2025-12-24T11:54:43.542Z,38.90205700,121.68595800,54.60,40.02,12,1
2025-12-24T11:54:43.673Z,38.90205700,121.68595800,54.60,40.02,12,1
2025-12-24T11:54:43.771Z,38.90205700,121.68595800,54.60,40.02,12,1
2025-12-24T11:54:43.871Z,38.90205700,121.68595800,54.60,40.02,12,1
2025-12-24T11:54:44.005Z,38.90205700,121.68595800,54.60,40.02,12,1
2025-12-24T11:54:44.070Z,38.90205700,121.68595800,54.60,40.02,12,1
2025-12-24T11:54:44.169Z,38.90198300,121.68605100,54.00,42.15,12,1
2025-12-24T11:54:44.270Z,38.90198300,121.68605100,54.00,42.15,12,1
2025-12-24T11:54:44.367Z,38.90198300,121.68605100,54.00,42.15,12,1
2025-12-24T11:54:44.466Z,38.90198300,121.68605100,54.00,42.15,12,1
2025-12-24T11:54:44.564Z,38.90198300,121.68605100,54.00,42.15,12,1
2025-12-24T11:54:44.665Z,38.90198300,121.68605100,54.00,42.15,12,1
2025-12-24T11:54:44.763Z,38.90198300,121.68605100,54.00,42.15,12,1
2025-12-24T11:54:44.861Z,38.90198300,121.68605100,54.00,42.15,12,1
2025-12-24T11:54:44.994Z,38.90198300,121.68605100,54.00,42.15,12,1
2025-12-24T11:54:45.060Z,38.90198300,121.68605100,54.00,42.15,12,1
2025-12-24T11:54:45.191Z,38.90190200,121.68614300,53.30,44.24,12,1
2025-12-24T11:54:45.257Z,38.90190200,121.68614300,53.30,44.24,12,1
2025-12-24T11:54:45.423Z,38.90190200,121.68614300,53.30,44.24,12,1
2025-12-24T11:54:45.459Z,38.90190200,121.68614300,53.30,44.24,12,1
2025-12-24T11:54:45.556Z,38.90190200,121.68614300,53.30,44.24,12,1
2025-12-24T11:54:45.655Z,38.90190200,121.68614300,53.30,44.24,12,1
2025-12-24T11:54:45.787Z,38.90190200,121.68614300,53.30,44.24,12,1
2025-12-24T11:54:45.884Z,38.90190200,121.68614300,80.30,44.24,12,1
2025-12-24T11:54:46.051Z,38.90190200,121.68614300,93.30,44.24,12,1
2025-12-24T11:54:46.083Z,38.90190200,121.68614300,100.30,44.24,12,1
2025-12-24T11:54:46.182Z,38.90181400,121.68623600,110.70,45.93,12,1
2025-12-24T11:54:46.282Z,38.90181400,121.68623600,112.70,45.93,12,1
2025-12-24T11:54:46.379Z,38.90181400,121.68623600,52.70,45.93,12,1
2025-12-24T11:54:46.480Z,38.90181400,121.68623600,52.70,45.93,12,1
2025-12-24T11:54:46.578Z,38.90181400,121.68623600,52.70,45.93,12,1
2025-12-24T11:54:46.745Z,38.90181400,121.68623600,52.70,45.93,12,1
2025-12-24T11:54:46.779Z,38.90181400,121.68623600,52.70,45.93,12,1
2025-12-24T11:54:46.875Z,38.90181400,121.68623600,52.70,45.93,12,1
2025-12-24T11:54:46.975Z,38.90181400,121.68623600,52.70,45.93,12,1
2025-12-24T11:54:47.073Z,38.90181400,121.68623600,52.70,45.93,12,1
2025-12-24T11:54:47.171Z,38.90172400,121.68632900,52.10,46.86,12,1
2025-12-24T11:54:47.304Z,38.90172400,121.68632900,52.10,46.86,12,1
2025-12-24T11:54:47.402Z,38.90172400,121.68632900,52.10,46.86,12,1
2025-12-24T11:54:47.469Z,38.90172400,121.68632900,52.10,46.86,12,1
2025-12-24T11:54:47.569Z,38.90172400,121.68632900,52.10,46.86,12,1
2025-12-24T11:54:47.667Z,38.90172400,121.68632900,52.10,46.86,12,1
2025-12-24T11:54:47.766Z,38.90172400,121.68632900,52.10,46.86,12,1
2025-12-24T11:54:47.898Z,38.90172400,121.68632900,52.10,46.86,12,1
2025-12-24T11:54:47.996Z,38.90172400,121.68632900,52.10,46.86,12,1
2025-12-24T11:54:48.095Z,38.90172400,121.68632900,52.10,46.86,12,1
2025-12-24T11:54:48.196Z,38.90163100,121.68642100,51.30,47.41,12,1
2025-12-24T11:54:48.293Z,38.90163100,121.68642100,51.30,47.41,12,1
2025-12-24T11:54:48.393Z,38.90163100,121.68642100,51.30,47.41,12,1
2025-12-24T11:54:48.491Z,38.90163100,121.68642100,51.30,47.41,12,1
2025-12-24T11:54:48.592Z,38.90163100,121.68642100,51.30,47.41,12,1
2025-12-24T11:54:48.690Z,38.90163100,121.68642100,51.30,47.41,12,1
2025-12-24T11:54:48.821Z,38.90163100,121.68642100,51.30,47.41,12,1
2025-12-24T11:54:48.888Z,38.90163100,121.68642100,51.30,47.41,12,1
2025-12-24T11:54:48.987Z,38.90163100,121.68642100,51.30,47.41,12,1
2025-12-24T11:54:49.086Z,38.90163100,121.68642100,51.30,47.41,12,1
2025-12-24T11:54:49.187Z,38.90153300,121.68651100,50.80,48.34,12,1
2025-12-24T11:54:49.351Z,38.90153300,121.68651100,50.80,48.34,12,1
2025-12-24T11:54:49.384Z,38.90153300,121.68651100,50.80,48.34,12,1
2025-12-24T11:54:49.515Z,38.90153300,121.68651100,50.80,48.34,12,1
2025-12-24T11:54:49.615Z,38.90153300,121.68651100,50.80,48.34,12,1
2025-12-24T11:54:49.713Z,38.90153300,121.68651100,50.80,48.34,12,1
2025-12-24T11:54:49.813Z,38.90153300,121.68651100,50.80,48.34,12,1
2025-12-24T11:54:49.977Z,38.90153300,121.68651100,50.80,48.34,12,1
2025-12-24T11:54:50.010Z,38.90153300,121.68651100,50.80,48.34,12,1
2025-12-24T11:54:50.109Z,38.90153300,121.68651100,50.80,48.34,12,1
2025-12-24T11:54:50.208Z,38.90143200,121.68659700,50.30,48.32,12,1
2025-12-24T11:54:50.308Z,38.90143200,121.68659700,50.30,48.32,12,1
2025-12-24T11:54:50.475Z,38.90143200,121.68659700,50.30,48.32,12,1
2025-12-24T11:54:50.508Z,38.90143200,121.68659700,50.30,48.32,12,1
2025-12-24T11:54:50.604Z,38.90143200,121.68659700,50.30,48.32,12,1
2025-12-24T11:54:50.706Z,38.90143200,121.68659700,50.30,48.32,12,1
2025-12-24T11:54:50.836Z,38.90143200,121.68659700,50.30,48.32,12,1
2025-12-24T11:54:50.902Z,38.90143200,121.68659700,50.30,48.32,12,1
2025-12-24T11:54:51.034Z,38.90143200,121.68659700,50.30,48.32,12,1
2025-12-24T11:54:51.134Z,38.90143200,121.68659700,50.30,48.32,12,1
2025-12-24T11:54:51.199Z,38.90133200,121.68667600,49.70,46.56,12,1
2025-12-24T11:54:51.364Z,38.90133200,121.68667600,49.70,46.56,12,1
2025-12-24T11:54:51.430Z,38.90133200,121.68667600,49.70,46.56,12,1
2025-12-24T11:54:51.530Z,38.90133200,121.68667600,49.70,46.56,12,1
2025-12-24T11:54:51.630Z,38.90133200,121.68667600,49.70,46.56,12,1
2025-12-24T11:54:51.760Z,38.90133200,121.68667600,49.70,46.56,12,1
2025-12-24T11:54:51.827Z,38.90133200,121.68667600,49.70,46.56,12,1
2025-12-24T11:54:51.992Z,38.90133200,121.68667600,49.70,46.56,12,1
2025-12-24T11:54:52.023Z,38.90133200,121.68667600,49.70,46.56,12,1
2025-12-24T11:54:52.124Z,38.90123400,121.68674300,49.70,44.02,12,1
2025-12-24T11:54:52.222Z,38.90123400,121.68674300,49.10,44.02,12,1
2025-12-24T11:54:52.354Z,38.90123400,121.68674300,49.10,44.02,12,1
2025-12-24T11:54:52.454Z,38.90123400,121.68674300,49.10,44.02,12,1
2025-12-24T11:54:52.554Z,38.90123400,121.68674300,49.10,44.02,12,1
2025-12-24T11:54:52.717Z,38.90123400,121.68674300,49.10,44.02,12,1
2025-12-24T11:54:52.750Z,38.90123400,121.68674300,49.10,44.02,12,1
2025-12-24T11:54:52.849Z,38.90123400,121.68674300,49.10,44.02,12,1
2025-12-24T11:54:52.948Z,38.90123400,121.68674300,49.10,44.02,12,1
2025-12-24T11:54:53.046Z,38.90123400,121.68674300,49.10,44.02,12,1
2025-12-24T11:54:53.147Z,38.90113200,121.68679100,48.30,43.32,12,1
2025-12-24T11:54:53.246Z,38.90113200,121.68679100,48.30,43.32,12,1
2025-12-24T11:54:53.344Z,38.90113200,121.68679100,48.30,43.32,12,1
2025-12-24T11:54:53.443Z,38.90113200,121.68679100,48.30,43.32,12,1
2025-12-24T11:54:53.576Z,38.90113200,121.68679100,48.30,43.32,12,1
2025-12-24T11:54:53.641Z,38.90113200,121.68679100,48.30,43.32,12,1
2025-12-24T11:54:53.740Z,38.90113200,121.68679100,48.30,43.32,12,1
2025-12-24T11:54:53.839Z,38.90113200,121.68679100,48.30,43.32,12,1
2025-12-24T11:54:54.005Z,38.90113200,121.68679100,48.30,43.32,12,1
2025-12-24T11:54:54.038Z,38.90113200,121.68679100,48.30,43.32,12,1
2025-12-24T11:54:54.170Z,38.90102500,121.68681900,47.60,44.00,12,1
2025-12-24T11:54:54.269Z,38.90102500,121.68681900,47.60,44.00,12,1
2025-12-24T11:54:54.369Z,38.90102500,121.68681900,47.60,44.00,12,1
2025-12-24T11:54:54.468Z,38.90102500,121.68681900,47.60,44.00,12,1
2025-12-24T11:54:54.633Z,38.90102500,121.68681900,47.60,44.00,12,1
2025-12-24T11:54:54.667Z,38.90102500,121.68681900,47.60,44.00,12,1
2025-12-24T11:54:54.764Z,38.90102500,121.68681900,47.60,44.00,12,1
2025-12-24T11:54:54.864Z,38.90102500,121.68681900,47.60,44.00,12,1
2025-12-24T11:54:54.962Z,38.90102500,121.68681900,47.60,44.00,12,1
2025-12-24T11:54:55.062Z,38.90102500,121.68681900,47.60,44.00,12,1
2025-12-24T11:54:55.193Z,38.90091100,121.68683600,46.90,46.21,12,1
2025-12-24T11:54:55.293Z,38.90091100,121.68683600,46.90,46.21,12,1
2025-12-24T11:54:55.391Z,38.90091100,121.68683600,46.90,46.21,12,1
2025-12-24T11:54:55.456Z,38.90091100,121.68683600,46.90,46.21,12,1
2025-12-24T11:54:55.589Z,38.90091100,121.68683600,46.90,46.21,12,1
2025-12-24T11:54:55.654Z,38.90091100,121.68683600,46.90,46.21,12,1
2025-12-24T11:54:55.754Z,38.90091100,121.68683600,46.90,46.21,12,1
2025-12-24T11:54:55.953Z,38.90091100,121.68683600,46.90,46.21,12,1
2025-12-24T11:54:55.989Z,38.90091100,121.68683600,46.90,46.21,12,1
2025-12-24T11:54:56.051Z,38.90091100,121.68683600,46.90,46.21,12,1
2025-12-24T11:54:56.184Z,38.90079100,121.68684900,46.40,49.12,12,1
2025-12-24T11:54:56.283Z,38.90079100,121.68684900,46.40,49.12,12,1
2025-12-24T11:54:56.380Z,38.90079100,121.68684900,46.40,49.12,12,1
2025-12-24T11:54:56.481Z,38.90079100,121.68684900,46.40,49.12,12,1
2025-12-24T11:54:56.580Z,38.90079100,121.68684900,46.40,49.12,12,1
2025-12-24T11:54:56.679Z,38.90079100,121.68684900,46.40,49.12,12,1
2025-12-24T11:54:56.778Z,38.90079100,121.68684900,46.40,49.12,12,1
2025-12-24T11:54:56.877Z,38.90079100,121.68684900,46.40,49.12,12,1
2025-12-24T11:54:56.975Z,38.90079100,121.68684900,46.40,49.12,12,1
2025-12-24T11:54:57.075Z,38.90079100,121.68684900,46.40,49.12,12,1
2025-12-24T11:54:57.174Z,38.90066400,121.68686000,45.70,51.78,12,1
2025-12-24T11:54:57.273Z,38.90066400,121.68686000,45.70,51.78,12,1
2025-12-24T11:54:57.371Z,38.90066400,121.68686000,45.70,51.78,12,1
2025-12-24T11:54:57.502Z,38.90066400,121.68686000,45.70,51.78,12,1
2025-12-24T11:54:57.604Z,38.90066400,121.68686000,45.70,51.78,12,1
2025-12-24T11:54:57.702Z,38.90066400,121.68686000,45.70,51.78,12,1
2025-12-24T11:54:57.800Z,38.90066400,121.68686000,45.70,51.78,12,1
2025-12-24T11:54:57.899Z,38.90066400,121.68686000,45.70,51.78,12,1
2025-12-24T11:54:57.998Z,38.90066400,121.68686000,45.70,51.78,12,1
2025-12-24T11:54:58.097Z,38.90066400,121.68686000,45.70,51.78,12,1
2025-12-24T11:54:58.196Z,38.90053100,121.68687000,45.10,53.75,12,1
2025-12-24T11:54:58.296Z,38.90053100,121.68687000,45.10,53.75,12,1
2025-12-24T11:54:58.394Z,38.90053100,121.68687000,45.10,53.75,12,1
2025-12-24T11:54:58.493Z,38.90053100,121.68687000,45.10,53.75,12,1
2025-12-24T11:54:58.592Z,38.90053100,121.68687000,45.10,53.75,12,1
2025-12-24T11:54:58.692Z,38.90053100,121.68687000,45.10,53.75,12,1
2025-12-24T11:54:58.791Z,38.90053100,121.68687000,45.10,53.75,12,1
2025-12-24T11:54:58.891Z,38.90053100,121.68687000,45.10,53.75,12,1
2025-12-24T11:54:58.989Z,38.90053100,121.68687000,45.10,53.75,12,1
2025-12-24T11:54:59.086Z,38.90053100,121.68687000,45.10,53.75,12,1
2025-12-24T11:54:59.187Z,38.90039600,121.68687800,44.40,54.67,12,1
2025-12-24T11:54:59.316Z,38.90039600,121.68687800,44.40,54.67,12,1
2025-12-24T11:54:59.416Z,38.90039600,121.68687800,44.40,54.67,12,1
2025-12-24T11:54:59.517Z,38.90039600,121.68687800,44.40,54.67,12,1
2025-12-24T11:54:59.615Z,38.90039600,121.68687800,44.40,54.67,12,1
2025-12-24T11:54:59.713Z,38.90039600,121.68687800,44.40,54.67,12,1
2025-12-24T11:54:59.813Z,38.90039600,121.68687800,44.40,54.67,12,1
2025-12-24T11:54:59.913Z,38.90039600,121.68687800,44.40,54.67,12,1
2025-12-24T11:55:00.011Z,38.90039600,121.68687800,44.40,54.67,12,1
2025-12-24T11:55:00.111Z,38.90039600,121.68687800,44.40,54.67,12,1
2025-12-24T11:55:00.208Z,38.90025800,121.68688800,43.70,55.13,12,1
2025-12-24T11:55:00.342Z,38.90025800,121.68688800,43.70,55.13,12,1
2025-12-24T11:55:00.407Z,38.90025800,121.68688800,43.70,55.13,12,1
2025-12-24T11:55:00.572Z,38.90025800,121.68688800,43.70,55.13,12,1
2025-12-24T11:55:00.605Z,38.90025800,121.68688800,43.70,55.13,12,1
2025-12-24T11:55:00.704Z,38.90025800,121.68688800,43.70,55.13,12,1
2025-12-24T11:55:00.803Z,38.90025800,121.68688800,43.70,55.13,12,1
2025-12-24T11:55:00.935Z,38.90025800,121.68688800,43.70,55.13,12,1
2025-12-24T11:55:01.034Z,38.90025800,121.68688800,43.70,55.13,12,1
2025-12-24T11:55:01.200Z,38.90025800,121.68688800,43.70,55.13,12,1
2025-12-24T11:55:01.232Z,38.90012100,121.68690300,43.20,54.78,12,1
2025-12-24T11:55:01.332Z,38.90012100,121.68690300,43.20,54.78,12,1
2025-12-24T11:55:01.430Z,38.90012100,121.68690300,43.20,54.78,12,1
2025-12-24T11:55:01.530Z,38.90012100,121.68690300,43.20,54.78,12,1
2025-12-24T11:55:01.628Z,38.90012100,121.68690300,43.20,54.78,12,1
2025-12-24T11:55:01.727Z,38.90012100,121.68690300,43.20,54.78,12,1
2025-12-24T11:55:01.826Z,38.90012100,121.68690300,43.20,54.78,12,1
2025-12-24T11:55:01.925Z,38.90012100,121.68690300,43.20,54.78,12,1
2025-12-24T11:55:02.024Z,38.90012100,121.68690300,43.20,54.78,12,1
2025-12-24T11:55:02.124Z,38.90012100,121.68690300,43.20,54.78,12,1
2025-12-24T11:55:02.223Z,38.89998600,121.68692500,42.70,53.76,12,1
2025-12-24T11:55:02.321Z,38.89998600,121.68692500,42.70,53.76,12,1
2025-12-24T11:55:02.454Z,38.89998600,121.68692500,42.70,53.76,12,1
2025-12-24T11:55:02.519Z,38.89998600,121.68692500,42.70,53.76,12,1
2025-12-24T11:55:02.651Z,38.89998600,121.68692500,42.70,53.76,12,1
2025-12-24T11:55:02.718Z,38.89998600,121.68692500,42.70,53.76,12,1
2025-12-24T11:55:02.851Z,38.89998600,121.68692500,42.70,53.76,12,1
2025-12-24T11:55:02.949Z,38.89998600,121.68692500,42.70,53.76,12,1
2025-12-24T11:55:03.047Z,38.89998600,121.68692500,42.70,53.76,12,1
2025-12-24T11:55:03.147Z,38.89985600,121.68695600,42.30,52.45,12,1
2025-12-24T11:55:03.247Z,38.89985600,121.68695600,42.30,52.45,12,1
2025-12-24T11:55:03.345Z,38.89985600,121.68695600,42.30,52.45,12,1
2025-12-24T11:55:03.444Z,38.89985600,121.68695600,42.30,52.45,12,1
2025-12-24T11:55:03.544Z,38.89985600,121.68695600,42.30,52.45,12,1
2025-12-24T11:55:03.675Z,38.89985600,121.68695600,42.30,52.45,12,1
2025-12-24T11:55:03.741Z,38.89985600,121.68695600,42.30,52.45,12,1
2025-12-24T11:55:03.874Z,38.89985600,121.68695600,42.30,52.45,12,1
2025-12-24T11:55:03.973Z,38.89985600,121.68695600,42.30,52.45,12,1
2025-12-24T11:55:04.072Z,38.89985600,121.68695600,42.30,52.45,12,1
2025-12-24T11:55:04.171Z,38.89973600,121.68699900,42.00,48.49,12,1
2025-12-24T11:55:04.235Z,38.89973600,121.68699900,42.00,48.49,12,1
2025-12-24T11:55:04.335Z,38.89973600,121.68699900,42.00,48.49,12,1
2025-12-24T11:55:04.501Z,38.89973600,121.68699900,42.00,48.49,12,1
2025-12-24T11:55:04.535Z,38.89973600,121.68699900,42.00,48.49,12,1
2025-12-24T11:55:04.665Z,38.89973600,121.68699900,42.00,48.49,12,1
2025-12-24T11:55:04.764Z,38.89973600,121.68699900,42.00,48.49,12,1
2025-12-24T11:55:04.864Z,38.89973600,121.68699900,42.00,48.49,12,1
2025-12-24T11:55:04.962Z,38.89973600,121.68699900,42.00,48.49,12,1
2025-12-24T11:55:05.061Z,38.89973600,121.68699900,42.00,48.49,12,1
2025-12-24T11:55:05.226Z,38.89962500,121.68705200,41.60,47.23,12,1
2025-12-24T11:55:05.263Z,38.89962500,121.68705200,41.60,47.23,12,1
2025-12-24T11:55:05.358Z,38.89962500,121.68705200,41.60,47.23,12,1
2025-12-24T11:55:05.457Z,38.89962500,121.68705200,41.60,47.23,12,1
2025-12-24T11:55:05.555Z,38.89962500,121.68705200,41.60,47.23,12,1
2025-12-24T11:55:05.655Z,38.89962500,121.68705200,41.60,47.23,12,1
2025-12-24T11:55:05.754Z,38.89962500,121.68705200,41.60,47.23,12,1
2025-12-24T11:55:05.887Z,38.89962500,121.68705200,41.60,47.23,12,1
2025-12-24T11:55:05.985Z,38.89962500,121.68705200,41.60,47.23,12,1
2025-12-24T11:55:06.085Z,38.89962500,121.68705200,41.60,47.23,12,1
2025-12-24T11:55:06.184Z,38.89952000,121.68712100,41.50,46.97,12,1
2025-12-24T11:55:06.282Z,38.89952000,121.68712100,41.50,46.97,12,1
2025-12-24T11:55:06.382Z,38.89952000,121.68712100,41.50,46.97,12,1
2025-12-24T11:55:06.514Z,38.89952000,121.68712100,41.50,46.97,12,1
2025-12-24T11:55:06.579Z,38.89952000,121.68712100,41.50,46.97,12,1
2025-12-24T11:55:06.679Z,38.89952000,121.68712100,41.50,46.97,12,1
2025-12-24T11:55:06.810Z,38.89952000,121.68712100,41.50,46.97,12,1
2025-12-24T11:55:06.875Z,38.89952000,121.68712100,41.50,46.97,12,1
2025-12-24T11:55:06.976Z,38.89952000,121.68712100,41.50,46.97,12,1
2025-12-24T11:55:07.075Z,38.89952000,121.68712100,41.50,46.97,12,1
2025-12-24T11:55:07.174Z,38.89942000,121.68720600,41.30,48.49,12,1
2025-12-24T11:55:07.273Z,38.89942000,121.68720600,41.30,48.49,12,1
2025-12-24T11:55:07.472Z,38.89942000,121.68720600,41.30,48.49,12,1
2025-12-24T11:55:07.507Z,38.89942000,121.68720600,41.30,48.49,12,1
2025-12-24T11:55:07.569Z,38.89942000,121.68720600,41.30,48.49,12,1
2025-12-24T11:55:07.703Z,38.89942000,121.68720600,41.30,48.49,12,1
2025-12-24T11:55:07.800Z,38.89942000,121.68720600,41.30,48.49,12,1
2025-12-24T11:55:07.901Z,38.89942000,121.68720600,41.30,48.49,12,1
2025-12-24T11:55:07.999Z,38.89942000,121.68720600,41.30,48.49,12,1
2025-12-24T11:55:08.097Z,38.89942000,121.68720600,41.30,48.49,12,1
2025-12-24T11:55:08.197Z,38.89931800,121.68730000,41.00,50.62,12,1
2025-12-24T11:55:08.296Z,38.89931800,121.68730000,41.00,50.62,12,1
2025-12-24T11:55:08.395Z,38.89931800,121.68730000,41.00,50.62,12,1
2025-12-24T11:55:08.527Z,38.89931800,121.68730000,41.00,50.62,12,1
2025-12-24T11:55:08.625Z,38.89931800,121.68730000,41.00,50.62,12,1
2025-12-24T11:55:08.726Z,38.89931800,121.68730000,41.00,50.62,12,1
2025-12-24T11:55:08.790Z,38.89931800,121.68730000,41.00,50.62,12,1
2025-12-24T11:55:08.890Z,38.89931800,121.68730000,41.00,50.62,12,1
2025-12-24T11:55:08.989Z,38.89931800,121.68730000,41.00,50.62,12,1
2025-12-24T11:55:09.122Z,38.89931800,121.68730000,41.00,50.62,12,1
2025-12-24T11:55:09.187Z,38.89921300,121.68739800,40.80,52.86,12,1
2025-12-24T11:55:09.286Z,38.89921300,121.68739800,40.80,52.86,12,1
2025-12-24T11:55:09.419Z,38.89921300,121.68739800,40.80,52.86,12,1
2025-12-24T11:55:09.517Z,38.89921300,121.68739800,40.80,52.86,12,1
2025-12-24T11:55:09.615Z,38.89921300,121.68739800,40.80,52.86,12,1
2025-12-24T11:55:09.716Z,38.89921300,121.68739800,40.80,52.86,12,1
2025-12-24T11:55:09.814Z,38.89921300,121.68739800,40.80,52.86,12,1
2025-12-24T11:55:09.912Z,38.89921300,121.68739800,40.80,52.86,12,1
2025-12-24T11:55:10.012Z,38.89921300,121.68739800,40.80,52.86,12,1
2025-12-24T11:55:10.112Z,38.89921300,121.68739800,40.80,52.86,12,1
2025-12-24T11:55:10.210Z,38.89910400,121.68750100,40.50,55.02,12,1
2025-12-24T11:55:10.308Z,38.89910400,121.68750100,40.50,55.02,12,1
2025-12-24T11:55:10.407Z,38.89910400,121.68750100,40.50,55.02,12,1
2025-12-24T11:55:10.507Z,38.89910400,121.68750100,40.50,55.02,12,1
2025-12-24T11:55:10.639Z,38.89910400,121.68750100,40.50,55.02,12,1
2025-12-24T11:55:10.738Z,38.89910400,121.68750100,40.50,55.02,12,1
2025-12-24T11:55:10.803Z,38.89910400,121.68750100,40.50,55.02,12,1
2025-12-24T11:55:10.936Z,38.89910400,121.68750100,40.50,55.02,12,1
2025-12-24T11:55:11.036Z,38.89910400,121.68750100,40.50,55.02,12,1
2025-12-24T11:55:11.134Z,38.89910400,121.68750100,40.50,55.02,12,1
2025-12-24T11:55:11.232Z,38.89899100,121.68760800,40.20,56.93,12,1
2025-12-24T11:55:11.332Z,38.89899100,121.68760800,40.20,56.93,12,1
2025-12-24T11:55:11.431Z,38.89899100,121.68760800,40.20,56.93,12,1
2025-12-24T11:55:11.531Z,38.89899100,121.68760800,40.20,56.93,12,1
2025-12-24T11:55:11.629Z,38.89899100,121.68760800,40.20,56.93,12,1
2025-12-24T11:55:11.795Z,38.89899100,121.68760800,40.20,56.93,12,1
2025-12-24T11:55:11.830Z,38.89899100,121.68760800,40.20,56.93,12,1
2025-12-24T11:55:11.927Z,38.89899100,121.68760800,40.20,56.93,12,1
2025-12-24T11:55:12.060Z,38.89899100,121.68760800,40.20,56.93,12,1
2025-12-24T11:55:12.158Z,38.89887400,121.68771500,40.20,57.67,12,1
2025-12-24T11:55:12.223Z,38.89887400,121.68771500,39.90,57.67,12,1
2025-12-24T11:55:12.324Z,38.89887400,121.68771500,39.90,57.67,12,1
2025-12-24T11:55:12.454Z,38.89887400,121.68771500,39.90,57.67,12,1
2025-12-24T11:55:12.554Z,38.89887400,121.68771500,39.90,57.67,12,1
2025-12-24T11:55:12.653Z,38.89887400,121.68771500,39.90,57.67,12,1
2025-12-24T11:55:12.751Z,38.89887400,121.68771500,39.90,57.67,12,1
2025-12-24T11:55:12.851Z,38.89887400,121.68771500,39.90,57.67,12,1
2025-12-24T11:55:12.949Z,38.89887400,121.68771500,39.90,57.67,12,1
2025-12-24T11:55:13.080Z,38.89887400,121.68771500,39.90,57.67,12,1
2025-12-24T11:55:13.147Z,38.89875400,121.68782300,39.70,58.54,12,1
2025-12-24T11:55:13.247Z,38.89875400,121.68782300,39.70,58.54,12,1
2025-12-24T11:55:13.347Z,38.89875400,121.68782300,39.70,58.54,12,1
2025-12-24T11:55:13.445Z,38.89875400,121.68782300,39.70,58.54,12,1
2025-12-24T11:55:13.543Z,38.89875400,121.68782300,39.70,58.54,12,1
2025-12-24T11:55:13.642Z,38.89875400,121.68782300,39.70,58.54,12,1
2025-12-24T11:55:13.776Z,38.89875400,121.68782300,39.70,58.54,12,1
2025-12-24T11:55:13.840Z,38.89875400,121.68782300,39.70,58.54,12,1
2025-12-24T11:55:13.972Z,38.89875400,121.68782300,39.70,58.54,12,1
2025-12-24T11:55:14.038Z,38.89875400,121.68782300,39.70,58.54,12,1
2025-12-24T11:55:14.170Z,38.89863300,121.68793100,39.40,59.12,12,1
2025-12-24T11:55:14.270Z,38.89863300,121.68793100,39.40,59.12,12,1
2025-12-24T11:55:14.335Z,38.89863300,121.68793100,39.40,59.12,12,1
2025-12-24T11:55:14.468Z,38.89863300,121.68793100,39.40,59.12,12,1
2025-12-24T11:55:14.566Z,38.89863300,121.68793100,39.40,59.12,12,1
2025-12-24T11:55:14.665Z,38.89863300,121.68793100,39.40,59.12,12,1
2025-12-24T11:55:14.766Z,38.89863300,121.68793100,39.40,59.12,12,1
2025-12-24T11:55:14.863Z,38.89863300,121.68793100,39.40,59.12,12,1
2025-12-24T11:55:14.963Z,38.89863300,121.68793100,39.40,59.12,12,1
2025-12-24T11:55:15.129Z,38.89863300,121.68793100,39.40,59.12,12,1
2025-12-24T11:55:15.163Z,38.89851100,121.68804100,39.30,59.75,12,1
2025-12-24T11:55:15.261Z,38.89851100,121.68804100,39.30,59.75,12,1
2025-12-24T11:55:15.391Z,38.89851100,121.68804100,39.30,59.75,12,1
2025-12-24T11:55:15.457Z,38.89851100,121.68804100,39.30,59.75,12,1
2025-12-24T11:55:15.557Z,38.89851100,121.68804100,39.30,59.75,12,1
2025-12-24T11:55:15.755Z,38.89851100,121.68804100,39.30,59.75,12,1
2025-12-24T11:55:15.791Z,38.89851100,121.68804100,39.30,59.75,12,1
2025-12-24T11:55:15.888Z,38.89851100,121.68804100,39.30,59.75,12,1
2025-12-24T11:55:15.952Z,38.89851100,121.68804100,39.30,59.75,12,1
2025-12-24T11:55:16.051Z,38.89851100,121.68804100,39.30,59.75,12,1
2025-12-24T11:55:16.182Z,38.89838800,121.68815000,38.90,60.04,12,1
2025-12-24T11:55:16.283Z,38.89838800,121.68815000,38.90,60.04,12,1
2025-12-24T11:55:16.381Z,38.89838800,121.68815000,38.90,60.04,12,1
2025-12-24T11:55:16.481Z,38.89838800,121.68815000,38.90,60.04,12,1
2025-12-24T11:55:16.580Z,38.89838800,121.68815000,38.90,60.04,12,1
2025-12-24T11:55:16.677Z,38.89838800,121.68815000,38.90,60.04,12,1
2025-12-24T11:55:16.810Z,38.89838800,121.68815000,38.90,60.04,12,1
2025-12-24T11:55:16.875Z,38.89838800,121.68815000,38.90,60.04,12,1
2025-12-24T11:55:16.975Z,38.89838800,121.68815000,38.90,60.04,12,1
2025-12-24T11:55:17.073Z,38.89838800,121.68815000,38.90,60.04,12,1
2025-12-24T11:55:17.172Z,38.89826500,121.68825900,38.70,59.49,12,1
2025-12-24T11:55:17.273Z,38.89826500,121.68825900,38.70,59.49,12,1
2025-12-24T11:55:17.371Z,38.89826500,121.68825900,38.70,59.49,12,1
2025-12-24T11:55:17.469Z,38.89826500,121.68825900,38.70,59.49,12,1
2025-12-24T11:55:17.568Z,38.89826500,121.68825900,38.70,59.49,12,1
2025-12-24T11:55:17.668Z,38.89826500,121.68825900,38.70,59.49,12,1
2025-12-24T11:55:17.802Z,38.89826500,121.68825900,38.70,59.49,12,1
2025-12-24T11:55:17.901Z,38.89826500,121.68825900,38.70,59.49,12,1
2025-12-24T11:55:17.999Z,38.89826500,121.68825900,38.70,59.49,12,1
2025-12-24T11:55:18.097Z,38.89826500,121.68825900,38.70,59.49,12,1
2025-12-24T11:55:18.230Z,38.89814500,121.68836700,38.10,58.84,12,1
2025-12-24T11:55:18.295Z,38.89814500,121.68836700,38.10,58.84,12,1
2025-12-24T11:55:18.396Z,38.89814500,121.68836700,38.10,58.84,12,1
2025-12-24T11:55:18.493Z,38.89814500,121.68836700,38.10,58.84,12,1
2025-12-24T11:55:18.592Z,38.89814500,121.68836700,38.10,58.84,12,1
2025-12-24T11:55:18.693Z,38.89814500,121.68836700,38.10,58.84,12,1
2025-12-24T11:55:18.791Z,38.89814500,121.68836700,38.10,58.84,12,1
2025-12-24T11:55:18.957Z,38.89814500,121.68836700,38.10,58.84,12,1
2025-12-24T11:55:18.990Z,38.89814500,121.68836700,38.10,58.84,12,1
2025-12-24T11:55:19.121Z,38.89814500,121.68836700,38.10,58.84,12,1
2025-12-24T11:55:19.219Z,38.89802300,121.68847500,37.50,59.28,12,1
2025-12-24T11:55:19.319Z,38.89802300,121.68847500,37.50,59.28,12,1
2025-12-24T11:55:19.419Z,38.89802300,121.68847500,37.50,59.28,12,1
2025-12-24T11:55:19.584Z,38.89802300,121.68847500,37.50,59.28,12,1
2025-12-24T11:55:19.618Z,38.89802300,121.68847500,37.50,59.28,12,1
2025-12-24T11:55:19.717Z,38.89802300,121.68847500,37.50,59.28,12,1
2025-12-24T11:55:19.815Z,38.89802300,121.68847500,37.50,59.28,12,1
2025-12-24T11:55:19.915Z,38.89802300,121.68847500,37.50,59.28,12,1
2025-12-24T11:55:20.011Z,38.89802300,121.68847500,37.50,59.28,12,1
2025-12-24T11:55:20.109Z,38.89802300,121.68847500,37.50,59.28,12,1
2025-12-24T11:55:20.208Z,38.89790200,121.68858300,37.00,58.99,12,1
2025-12-24T11:55:20.310Z,38.89790200,121.68858300,37.00,58.99,12,1
2025-12-24T11:55:20.441Z,38.89790200,121.68858300,37.00,58.99,12,1
2025-12-24T11:55:20.507Z,38.89790200,121.68858300,37.00,58.99,12,1
2025-12-24T11:55:20.640Z,38.89790200,121.68858300,37.00,58.99,12,1
2025-12-24T11:55:20.704Z,38.89790200,121.68858300,37.00,58.99,12,1
2025-12-24T11:55:20.803Z,38.89790200,121.68858300,37.00,58.99,12,1
2025-12-24T11:55:20.935Z,38.89790200,121.68858300,37.00,58.99,12,1
2025-12-24T11:55:21.003Z,38.89790200,121.68858300,37.00,58.99,12,1
2025-12-24T11:55:21.134Z,38.89790200,121.68858300,37.00,58.99,12,1
2025-12-24T11:55:21.232Z,38.89778200,121.68869100,36.40,58.26,12,1
2025-12-24T11:55:21.331Z,38.89778200,121.68869100,36.40,58.26,12,1
2025-12-24T11:55:21.431Z,38.89778200,121.68869100,36.40,58.26,12,1
2025-12-24T11:55:21.530Z,38.89778200,121.68869100,36.40,58.26,12,1
2025-12-24T11:55:21.630Z,38.89778200,121.68869100,36.40,58.26,12,1
2025-12-24T11:55:21.729Z,38.89778200,121.68869100,36.40,58.26,12,1
2025-12-24T11:55:21.826Z,38.89778200,121.68869100,36.40,58.26,12,1
2025-12-24T11:55:21.926Z,38.89778200,121.68869100,36.40,58.26,12,1
2025-12-24T11:55:22.024Z,38.89778200,121.68869100,36.40,58.26,12,1
2025-12-24T11:55:22.191Z,38.89778200,121.68869100,36.40,58.26,12,1
2025-12-24T11:55:22.227Z,38.89766400,121.68879700,36.00,57.41,12,1
2025-12-24T11:55:22.323Z,38.89766400,121.68879700,36.00,57.41,12,1
2025-12-24T11:55:22.419Z,38.89766400,121.68879700,36.00,57.41,12,1
2025-12-24T11:55:22.519Z,38.89766400,121.68879700,36.00,57.41,12,1
2025-12-24T11:55:22.651Z,38.89766400,121.68879700,36.00,57.41,12,1
2025-12-24T11:55:22.751Z,38.89766400,121.68879700,36.00,57.41,12,1
2025-12-24T11:55:22.850Z,38.89766400,121.68879700,36.00,57.41,12,1
2025-12-24T11:55:22.914Z,38.89766400,121.68879700,36.00,57.41,12,1
2025-12-24T11:55:23.048Z,38.89766400,121.68879700,36.00,57.41,12,1
2025-12-24T11:55:23.148Z,38.89754800,121.68890200,35.70,56.34,12,1
2025-12-24T11:55:23.247Z,38.89754800,121.68890200,35.70,56.34,12,1
2025-12-24T11:55:23.346Z,38.89754800,121.68890200,35.70,56.34,12,1
2025-12-24T11:55:23.444Z,38.89754800,121.68890200,35.70,56.34,12,1
2025-12-24T11:55:23.609Z,38.89754800,121.68890200,35.70,56.34,12,1
2025-12-24T11:55:23.646Z,38.89754800,121.68890200,35.70,56.34,12,1
2025-12-24T11:55:23.740Z,38.89754800,121.68890200,35.70,56.34,12,1
2025-12-24T11:55:23.871Z,38.89754800,121.68890200,35.70,56.34,12,1
2025-12-24T11:55:23.973Z,38.89754800,121.68890200,35.70,56.34,12,1
2025-12-24T11:55:24.072Z,38.89754800,121.68890200,35.70,56.34,12,1
2025-12-24T11:55:24.236Z,38.89743400,121.68900300,35.40,55.02,12,1
2025-12-24T11:55:24.275Z,38.89743400,121.68900300,35.40,55.02,12,1
2025-12-24T11:55:24.369Z,38.89743400,121.68900300,35.40,55.02,12,1
2025-12-24T11:55:24.467Z,38.89743400,121.68900300,35.40,55.02,12,1
2025-12-24T11:55:24.567Z,38.89743400,121.68900300,35.40,55.02,12,1
2025-12-24T11:55:24.666Z,38.89743400,121.68900300,35.40,55.02,12,1
2025-12-24T11:55:24.764Z,38.89743400,121.68900300,35.40,55.02,12,1
2025-12-24T11:55:24.896Z,38.89743400,121.68900300,35.40,55.02,12,1
2025-12-24T11:55:24.963Z,38.89743400,121.68900300,35.40,55.02,12,1
2025-12-24T11:55:25.063Z,38.89743400,121.68900300,35.40,55.02,12,1
2025-12-24T11:55:25.161Z,38.89732400,121.68910300,35.20,53.37,12,1
2025-12-24T11:55:25.258Z,38.89732400,121.68910300,35.20,53.37,12,1
2025-12-24T11:55:25.359Z,38.89732400,121.68910300,35.20,53.37,12,1
2025-12-24T11:55:25.457Z,38.89732400,121.68910300,35.20,53.37,12,1
2025-12-24T11:55:25.556Z,38.89732400,121.68910300,35.20,53.37,12,1
2025-12-24T11:55:25.687Z,38.89732400,121.68910300,35.20,53.37,12,1
2025-12-24T11:55:25.755Z,38.89732400,121.68910300,35.20,53.37,12,1
2025-12-24T11:55:25.886Z,38.89732400,121.68910300,35.20,53.37,12,1
2025-12-24T11:55:25.986Z,38.89732400,121.68910300,35.20,53.37,12,1
2025-12-24T11:55:26.084Z,38.89732400,121.68910300,35.20,53.37,12,1
2025-12-24T11:55:26.183Z,38.89721900,121.68919800,34.90,50.67,12,1
2025-12-24T11:55:26.249Z,38.89721900,121.68919800,34.90,50.67,12,1
2025-12-24T11:55:26.381Z,38.89721900,121.68919800,34.90,50.67,12,1
2025-12-24T11:55:26.479Z,38.89721900,121.68919800,34.90,50.67,12,1
2025-12-24T11:55:26.579Z,38.89721900,121.68919800,34.90,50.67,12,1
2025-12-24T11:55:26.677Z,38.89721900,121.68919800,34.90,50.67,12,1
2025-12-24T11:55:26.777Z,38.89721900,121.68919800,34.90,50.67,12,1
2025-12-24T11:55:26.875Z,38.89721900,121.68919800,34.90,50.67,12,1
2025-12-24T11:55:26.976Z,38.89721900,121.68919800,34.90,50.67,12,1
2025-12-24T11:55:27.073Z,38.89721900,121.68919800,34.90,50.67,12,1
2025-12-24T11:55:27.173Z,38.89711900,121.68928700,34.60,47.97,12,1
2025-12-24T11:55:27.304Z,38.89711900,121.68928700,34.60,47.97,12,1
2025-12-24T11:55:27.407Z,38.89711900,121.68928700,34.60,47.97,12,1
2025-12-24T11:55:27.535Z,38.89711900,121.68928700,34.60,47.97,12,1
2025-12-24T11:55:27.568Z,38.89711900,121.68928700,34.60,47.97,12,1
2025-12-24T11:55:27.701Z,38.89711900,121.68928700,34.60,47.97,12,1
2025-12-24T11:55:27.800Z,38.89711900,121.68928700,34.60,47.97,12,1
2025-12-24T11:55:27.899Z,38.89711900,121.68928700,34.60,47.97,12,1
2025-12-24T11:55:27.998Z,38.89711900,121.68928700,34.60,47.97,12,1
2025-12-24T11:55:28.097Z,38.89711900,121.68928700,34.60,47.97,12,1
2025-12-24T11:55:28.195Z,38.89702500,121.68937400,34.40,45.80,12,1
2025-12-24T11:55:28.294Z,38.89702500,121.68937400,34.40,45.80,12,1
2025-12-24T11:55:28.394Z,38.89702500,121.68937400,34.40,45.80,12,1
2025-12-24T11:55:28.492Z,38.89702500,121.68937400,34.40,45.80,12,1
2025-12-24T11:55:28.591Z,38.89702500,121.68937400,34.40,45.80,12,1
2025-12-24T11:55:28.690Z,38.89702500,121.68937400,34.40,45.80,12,1
2025-12-24T11:55:28.790Z,38.89702500,121.68937400,34.40,45.80,12,1
2025-12-24T11:55:28.888Z,38.89702500,121.68937400,34.40,45.80,12,1
2025-12-24T11:55:28.987Z,38.89702500,121.68937400,34.40,45.80,12,1
2025-12-24T11:55:29.086Z,38.89702500,121.68937400,34.40,45.80,12,1
2025-12-24T11:55:29.185Z,38.89693800,121.68946500,34.10,44.65,12,1
2025-12-24T11:55:29.284Z,38.89693800,121.68946500,34.10,44.65,12,1
2025-12-24T11:55:29.417Z,38.89693800,121.68946500,34.10,44.65,12,1
2025-12-24T11:55:29.515Z,38.89693800,121.68946500,34.10,44.65,12,1
2025-12-24T11:55:29.615Z,38.89693800,121.68946500,34.10,44.65,12,1
2025-12-24T11:55:29.714Z,38.89693800,121.68946500,34.10,44.65,12,1
2025-12-24T11:55:29.813Z,38.89693800,121.68946500,34.10,44.65,12,1
2025-12-24T11:55:29.912Z,38.89693800,121.68946500,34.10,44.65,12,1
2025-12-24T11:55:30.011Z,38.89693800,121.68946500,34.10,44.65,12,1
2025-12-24T11:55:30.176Z,38.89693800,121.68946500,34.10,44.65,12,1
2025-12-24T11:55:30.209Z,38.89686100,121.68956700,33.70,44.36,12,1
2025-12-24T11:55:30.308Z,38.89686100,121.68956700,33.70,44.36,12,1
2025-12-24T11:55:30.407Z,38.89686100,121.68956700,33.70,44.36,12,1
2025-12-24T11:55:30.539Z,38.89686100,121.68956700,33.70,44.36,12,1
2025-12-24T11:55:30.605Z,38.89686100,121.68956700,33.70,44.36,12,1
2025-12-24T11:55:30.704Z,38.89686100,121.68956700,33.70,44.36,12,1
2025-12-24T11:55:30.869Z,38.89686100,121.68956700,33.70,44.36,12,1
2025-12-24T11:55:30.934Z,38.89686100,121.68956700,33.70,44.36,12,1
2025-12-24T11:55:31.001Z,38.89686100,121.68956700,33.70,44.36,12,1
2025-12-24T11:55:31.100Z,38.89686100,121.68956700,33.70,44.36,12,1
2025-12-24T11:55:31.232Z,38.89679400,121.68968200,33.40,44.99,12,1
2025-12-24T11:55:31.298Z,38.89679400,121.68968200,33.40,44.99,12,1
2025-12-24T11:55:31.397Z,38.89679400,121.68968200,33.40,44.99,12,1
2025-12-24T11:55:31.529Z,38.89679400,121.68968200,33.40,44.99,12,1
2025-12-24T11:55:31.628Z,38.89679400,121.68968200,33.40,44.99,12,1
2025-12-24T11:55:31.727Z,38.89679400,121.68968200,33.40,44.99,12,1
2025-12-24T11:55:31.826Z,38.89679400,121.68968200,33.40,44.99,12,1
2025-12-24T11:55:31.925Z,38.89679400,121.68968200,33.40,44.99,12,1
2025-12-24T11:55:32.090Z,38.89679400,121.68968200,33.40,44.99,12,1
2025-12-24T11:55:32.125Z,38.89679400,121.68968200,33.40,44.99,12,1
2025-12-24T11:55:32.222Z,38.89673800,121.68981000,33.20,46.50,12,1
2025-12-24T11:55:32.321Z,38.89673800,121.68981000,33.20,46.50,12,1
2025-12-24T11:55:32.420Z,38.89673800,121.68981000,33.20,46.50,12,1
2025-12-24T11:55:32.519Z,38.89673800,121.68981000,33.20,46.50,12,1
2025-12-24T11:55:32.650Z,38.89673800,121.68981000,33.20,46.50,12,1
2025-12-24T11:55:32.783Z,38.89673800,121.68981000,33.20,46.50,12,1
2025-12-24T11:55:32.849Z,38.89673800,121.68981000,33.20,46.50,12,1
2025-12-24T11:55:32.948Z,38.89673800,121.68981000,33.20,46.50,12,1
2025-12-24T11:55:33.046Z,38.89673800,121.68981000,33.20,46.50,12,1
2025-12-24T11:55:33.145Z,38.89673800,121.68981000,33.20,46.50,12,1
2025-12-24T11:55:33.278Z,38.89669200,121.68995100,32.90,48.39,12,1
2025-12-24T11:55:33.410Z,38.89669200,121.68995100,32.90,48.39,12,1
2025-12-24T11:55:33.476Z,38.89669200,121.68995100,32.90,48.39,12,1
2025-12-24T11:55:33.541Z,38.89669200,121.68995100,32.90,48.39,12,1
2025-12-24T11:55:33.640Z,38.89669200,121.68995100,32.90,48.39,12,1
2025-12-24T11:55:33.741Z,38.89669200,121.68995100,32.90,48.39,12,1
2025-12-24T11:55:33.872Z,38.89669200,121.68995100,32.90,48.39,12,1
2025-12-24T11:55:33.938Z,38.89669200,121.68995100,32.90,48.39,12,1
2025-12-24T11:55:34.070Z,38.89669200,121.68995100,32.90,48.39,12,1
2025-12-24T11:55:34.168Z,38.89665300,121.69010200,32.60,50.54,12,1
2025-12-24T11:55:34.269Z,38.89665300,121.69010200,32.60,50.54,12,1
2025-12-24T11:55:34.367Z,38.89665300,121.69010200,32.60,50.54,12,1
2025-12-24T11:55:34.466Z,38.89665300,121.69010200,32.60,50.54,12,1
2025-12-24T11:55:34.565Z,38.89665300,121.69010200,32.60,50.54,12,1
2025-12-24T11:55:34.664Z,38.89665300,121.69010200,32.60,50.54,12,1
2025-12-24T11:55:34.730Z,38.89665300,121.69010200,32.60,50.54,12,1
2025-12-24T11:55:34.895Z,38.89665300,121.69010200,32.60,50.54,12,1
2025-12-24T11:55:34.960Z,38.89665300,121.69010200,32.60,50.54,12,1
2025-12-24T11:55:35.060Z,38.89665300,121.69010200,32.60,50.54,12,1
2025-12-24T11:55:35.158Z,38.89661400,121.69026100,32.40,52.95,12,1
2025-12-24T11:55:35.258Z,38.89661400,121.69026100,32.40,52.95,12,1
2025-12-24T11:55:35.356Z,38.89661400,121.69026100,32.40,52.95,12,1
2025-12-24T11:55:35.489Z,38.89661400,121.69026100,32.40,52.95,12,1
2025-12-24T11:55:35.588Z,38.89661400,121.69026100,32.40,52.95,12,1
2025-12-24T11:55:35.654Z,38.89661400,121.69026100,32.40,52.95,12,1
2025-12-24T11:55:35.753Z,38.89661400,121.69026100,32.40,52.95,12,1
2025-12-24T11:55:35.885Z,38.89661400,121.69026100,32.40,52.95,12,1
2025-12-24T11:55:35.983Z,38.89661400,121.69026100,32.40,52.95,12,1
2025-12-24T11:55:36.051Z,38.89661400,121.69026100,32.40,52.95,12,1
2025-12-24T11:55:36.182Z,38.89657100,121.69042600,32.20,55.10,12,1
2025-12-24T11:55:36.248Z,38.89657100,121.69042600,32.20,55.10,12,1
2025-12-24T11:55:36.381Z,38.89657100,121.69042600,32.20,55.10,12,1
2025-12-24T11:55:36.479Z,38.89657100,121.69042600,32.20,55.10,12,1
2025-12-24T11:55:36.578Z,38.89657100,121.69042600,32.20,55.10,12,1
2025-12-24T11:55:36.677Z,38.89657100,121.69042600,32.20,55.10,12,1
2025-12-24T11:55:36.809Z,38.89657100,121.69042600,32.20,55.10,12,1
2025-12-24T11:55:36.874Z,38.89657100,121.69042600,32.20,55.10,12,1
2025-12-24T11:55:36.973Z,38.89657100,121.69042600,32.20,55.10,12,1
2025-12-24T11:55:37.072Z,38.89657100,121.69042600,32.20,55.10,12,1
2025-12-24T11:55:37.172Z,38.89652700,121.69059800,32.10,57.10,12,1
2025-12-24T11:55:37.270Z,38.89652700,121.69059800,32.10,57.10,12,1
2025-12-24T11:55:37.370Z,38.89652700,121.69059800,32.10,57.10,12,1
2025-12-24T11:55:37.502Z,38.89652700,121.69059800,32.10,57.10,12,1
2025-12-24T11:55:37.601Z,38.89652700,121.69059800,32.10,57.10,12,1
2025-12-24T11:55:37.667Z,38.89652700,121.69059800,32.10,57.10,12,1
2025-12-24T11:55:37.766Z,38.89652700,121.69059800,32.10,57.10,12,1
2025-12-24T11:55:37.898Z,38.89652700,121.69059800,32.10,57.10,12,1
2025-12-24T11:55:38.030Z,38.89652700,121.69059800,32.10,57.10,12,1
2025-12-24T11:55:38.096Z,38.89652700,121.69059800,32.10,57.10,12,1
2025-12-24T11:55:38.195Z,38.89648200,121.69077400,31.90,58.62,12,1
2025-12-24T11:55:38.294Z,38.89648200,121.69077400,31.90,58.62,12,1
2025-12-24T11:55:38.393Z,38.89648200,121.69077400,31.90,58.62,12,1
2025-12-24T11:55:38.492Z,38.89648200,121.69077400,31.90,58.62,12,1
2025-12-24T11:55:38.590Z,38.89648200,121.69077400,31.90,58.62,12,1
2025-12-24T11:55:38.788Z,38.89648200,121.69077400,31.90,58.62,12,1
2025-12-24T11:55:38.822Z,38.89648200,121.69077400,31.90,58.62,12,1
2025-12-24T11:55:38.888Z,38.89648200,121.69077400,31.90,58.62,12,1
2025-12-24T11:55:39.020Z,38.89648200,121.69077400,31.90,58.62,12,1
2025-12-24T11:55:39.118Z,38.89648200,121.69077400,31.90,58.62,12,1
2025-12-24T11:55:39.185Z,38.89643600,121.69095400,31.60,59.63,12,1
2025-12-24T11:55:39.317Z,38.89643600,121.69095400,31.60,59.63,12,1
2025-12-24T11:55:39.449Z,38.89643600,121.69095400,31.60,59.63,12,1
2025-12-24T11:55:39.514Z,38.89643600,121.69095400,31.60,59.63,12,1
2025-12-24T11:55:39.613Z,38.89643600,121.69095400,31.60,59.63,12,1
2025-12-24T11:55:39.713Z,38.89643600,121.69095400,31.60,59.63,12,1
2025-12-24T11:55:39.811Z,38.89643600,121.69095400,31.60,59.63,12,1
2025-12-24T11:55:39.910Z,38.89643600,121.69095400,31.60,59.63,12,1
2025-12-24T11:55:40.043Z,38.89643600,121.69095400,31.60,59.63,12,1
2025-12-24T11:55:40.108Z,38.89643600,121.69095400,31.60,59.63,12,1
2025-12-24T11:55:40.208Z,38.89639100,121.69113400,31.30,59.06,12,1
2025-12-24T11:55:40.306Z,38.89639100,121.69113400,31.30,59.06,12,1
2025-12-24T11:55:40.406Z,38.89639100,121.69113400,31.30,59.06,12,1
2025-12-24T11:55:40.504Z,38.89639100,121.69113400,31.30,59.06,12,1
2025-12-24T11:55:40.636Z,38.89639100,121.69113400,31.30,59.06,12,1
2025-12-24T11:55:40.736Z,38.89639100,121.69113400,31.30,59.06,12,1
2025-12-24T11:55:40.834Z,38.89639100,121.69113400,31.30,59.06,12,1
2025-12-24T11:55:40.933Z,38.89639100,121.69113400,31.30,59.06,12,1
2025-12-24T11:55:41.032Z,38.89639100,121.69113400,31.30,59.06,12,1
2025-12-24T11:55:41.132Z,38.89639100,121.69113400,31.30,59.06,12,1
2025-12-24T11:55:41.230Z,38.89634600,121.69131100,31.00,57.78,12,1
2025-12-24T11:55:41.329Z,38.89634600,121.69131100,31.00,57.78,12,1
2025-12-24T11:55:41.428Z,38.89634600,121.69131100,31.00,57.78,12,1
2025-12-24T11:55:41.527Z,38.89634600,121.69131100,31.00,57.78,12,1
2025-12-24T11:55:41.626Z,38.89634600,121.69131100,31.00,57.78,12,1
2025-12-24T11:55:41.725Z,38.89634600,121.69131100,31.00,57.78,12,1
2025-12-24T11:55:41.824Z,38.89634600,121.69131100,31.00,57.78,12,1
2025-12-24T11:55:41.990Z,38.89634600,121.69131100,31.00,57.78,12,1
2025-12-24T11:55:42.023Z,38.89634600,121.69131100,31.00,57.78,12,1
2025-12-24T11:55:42.121Z,38.89634600,121.69131100,31.00,57.78,12,1
2025-12-24T11:55:42.220Z,38.89629900,121.69148300,30.90,56.25,12,1
2025-12-24T11:55:42.319Z,38.89629900,121.69148300,30.90,56.25,12,1
2025-12-24T11:55:42.418Z,38.89629900,121.69148300,30.90,56.25,12,1
2025-12-24T11:55:42.550Z,38.89629900,121.69148300,30.90,56.25,12,1
2025-12-24T11:55:42.682Z,38.89629900,121.69148300,30.90,56.25,12,1
2025-12-24T11:55:42.749Z,38.89629900,121.69148300,30.90,56.25,12,1
2025-12-24T11:55:42.848Z,38.89629900,121.69148300,30.90,56.25,12,1
2025-12-24T11:55:42.915Z,38.89629900,121.69148300,30.90,56.25,12,1
2025-12-24T11:55:43.045Z,38.89629900,121.69148300,30.90,56.25,12,1
2025-12-24T11:55:43.144Z,38.89625200,121.69164800,30.90,54.60,12,1
2025-12-24T11:55:43.309Z,38.89625200,121.69164800,30.80,54.60,12,1
2025-12-24T11:55:43.343Z,38.89625200,121.69164800,30.80,54.60,12,1
2025-12-24T11:55:43.441Z,38.89625200,121.69164800,30.80,54.60,12,1
2025-12-24T11:55:43.540Z,38.89625200,121.69164800,30.80,54.60,12,1
2025-12-24T11:55:43.639Z,38.89625200,121.69164800,30.80,54.60,12,1
2025-12-24T11:55:43.738Z,38.89625200,121.69164800,30.80,54.60,12,1
2025-12-24T11:55:43.871Z,38.89625200,121.69164800,30.80,54.60,12,1
2025-12-24T11:55:43.936Z,38.89625200,121.69164800,30.80,54.60,12,1
2025-12-24T11:55:44.068Z,38.89625200,121.69164800,30.80,54.60,12,1
2025-12-24T11:55:44.134Z,38.89620100,121.69180600,30.60,52.99,12,1
2025-12-24T11:55:44.233Z,38.89620100,121.69180600,30.60,52.99,12,1
2025-12-24T11:55:44.365Z,38.89620100,121.69180600,30.60,52.99,12,1
2025-12-24T11:55:44.464Z,38.89620100,121.69180600,30.60,52.99,12,1
2025-12-24T11:55:44.563Z,38.89620100,121.69180600,30.60,52.99,12,1
2025-12-24T11:55:44.662Z,38.89620100,121.69180600,30.60,52.99,12,1
2025-12-24T11:55:44.761Z,38.89620100,121.69180600,30.60,52.99,12,1
2025-12-24T11:55:44.860Z,38.89620100,121.69180600,30.60,52.99,12,1
2025-12-24T11:55:44.959Z,38.89620100,121.69180600,30.60,52.99,12,1
2025-12-24T11:55:45.058Z,38.89620100,121.69180600,30.60,52.99,12,1
2025-12-24T11:55:45.157Z,38.89613700,121.69195000,30.50,51.56,12,1
2025-12-24T11:55:45.257Z,38.89613700,121.69195000,30.50,51.56,12,1
2025-12-24T11:55:45.388Z,38.89613700,121.69195000,30.50,51.56,12,1
2025-12-24T11:55:45.454Z,38.89613700,121.69195000,30.50,51.56,12,1
2025-12-24T11:55:45.590Z,38.89613700,121.69195000,30.50,51.56,12,1
2025-12-24T11:55:45.652Z,38.89613700,121.69195000,30.50,51.56,12,1
2025-12-24T11:55:45.786Z,38.89613700,121.69195000,30.50,51.56,12,1
2025-12-24T11:55:45.884Z,38.89613700,121.69195000,30.50,51.56,12,1
2025-12-24T11:55:45.949Z,38.89613700,121.69195000,30.50,51.56,12,1
2025-12-24T11:55:46.082Z,38.89613700,121.69195000,30.50,51.56,12,1
2025-12-24T11:55:46.180Z,38.89605900,121.69208100,30.20,51.65,12,1
2025-12-24T11:55:46.280Z,38.89605900,121.69208100,30.20,51.65,12,1
2025-12-24T11:55:46.380Z,38.89605900,121.69208100,30.20,51.65,12,1
2025-12-24T11:55:46.479Z,38.89605900,121.69208100,30.20,51.65,12,1
2025-12-24T11:55:46.578Z,38.89605900,121.69208100,30.20,51.65,12,1
2025-12-24T11:55:46.742Z,38.89605900,121.69208100,30.20,51.65,12,1
2025-12-24T11:55:46.777Z,38.89605900,121.69208100,30.20,51.65,12,1
2025-12-24T11:55:46.874Z,38.89605900,121.69208100,30.20,51.65,12,1
2025-12-24T11:55:46.973Z,38.89605900,121.69208100,30.20,51.65,12,1
2025-12-24T11:55:47.071Z,38.89605900,121.69208100,30.20,51.65,12,1
2025-12-24T11:55:47.172Z,38.89597200,121.69220900,29.90,53.58,12,1
2025-12-24T11:55:47.270Z,38.89597200,121.69220900,29.90,53.58,12,1
2025-12-24T11:55:47.370Z,38.89597200,121.69220900,29.90,53.58,12,1
2025-12-24T11:55:47.467Z,38.89597200,121.69220900,29.90,53.58,12,1
2025-12-24T11:55:47.568Z,38.89597200,121.69220900,29.90,53.58,12,1
2025-12-24T11:55:47.698Z,38.89597200,121.69220900,29.90,53.58,12,1
2025-12-24T11:55:47.799Z,38.89597200,121.69220900,29.90,53.58,12,1
2025-12-24T11:55:47.896Z,38.89597200,121.69220900,29.90,53.58,12,1
2025-12-24T11:55:47.996Z,38.89597200,121.69220900,29.90,53.58,12,1
2025-12-24T11:55:48.096Z,38.89597200,121.69220900,29.90,53.58,12,1
2025-12-24T11:55:48.193Z,38.89587900,121.69234000,29.70,56.02,12,1
2025-12-24T11:55:48.293Z,38.89587900,121.69234000,29.70,56.02,12,1
2025-12-24T11:55:48.391Z,38.89587900,121.69234000,29.70,56.02,12,1
2025-12-24T11:55:48.490Z,38.89587900,121.69234000,29.70,56.02,12,1
2025-12-24T11:55:48.623Z,38.89587900,121.69234000,29.70,56.02,12,1
2025-12-24T11:55:48.688Z,38.89587900,121.69234000,29.70,56.02,12,1
2025-12-24T11:55:48.786Z,38.89587900,121.69234000,29.70,56.02,12,1
2025-12-24T11:55:48.886Z,38.89587900,121.69234000,29.70,56.02,12,1
2025-12-24T11:55:48.985Z,38.89587900,121.69234000,29.70,56.02,12,1
2025-12-24T11:55:49.084Z,38.89587900,121.69234000,29.70,56.02,12,1
2025-12-24T11:55:49.183Z,38.89578300,121.69247600,29.20,58.25,12,1
2025-12-24T11:55:49.316Z,38.89578300,121.69247600,29.20,58.25,12,1
2025-12-24T11:55:49.415Z,38.89578300,121.69247600,29.20,58.25,12,1
2025-12-24T11:55:49.517Z,38.89578300,121.69247600,29.20,58.25,12,1
2025-12-24T11:55:49.613Z,38.89578300,121.69247600,29.20,58.25,12,1
2025-12-24T11:55:49.712Z,38.89578300,121.69247600,29.20,58.25,12,1
2025-12-24T11:55:49.811Z,38.89578300,121.69247600,29.20,58.25,12,1
2025-12-24T11:55:49.977Z,38.89578300,121.69247600,29.20,58.25,12,1
2025-12-24T11:55:50.011Z,38.89578300,121.69247600,29.20,58.25,12,1
2025-12-24T11:55:50.109Z,38.89578300,121.69247600,29.20,58.25,12,1
2025-12-24T11:55:50.208Z,38.89568100,121.69261700,28.60,60.52,12,1
2025-12-24T11:55:50.305Z,38.89568100,121.69261700,28.60,60.52,12,1
2025-12-24T11:55:50.438Z,38.89568100,121.69261700,28.60,60.52,12,1
2025-12-24T11:55:50.504Z,38.89568100,121.69261700,28.60,60.52,12,1
2025-12-24T11:55:50.637Z,38.89568100,121.69261700,28.60,60.52,12,1
2025-12-24T11:55:50.701Z,38.89568100,121.69261700,28.60,60.52,12,1
2025-12-24T11:55:50.800Z,38.89568100,121.69261700,28.60,60.52,12,1
2025-12-24T11:55:50.932Z,38.89568100,121.69261700,28.60,60.52,12,1
2025-12-24T11:55:51.032Z,38.89568100,121.69261700,28.60,60.52,12,1
2025-12-24T11:55:51.130Z,38.89568100,121.69261700,28.60,60.52,12,1
2025-12-24T11:55:51.230Z,38.89557600,121.69276400,27.80,62.62,12,1
2025-12-24T11:55:51.328Z,38.89557600,121.69276400,27.80,62.62,12,1
2025-12-24T11:55:51.427Z,38.89557600,121.69276400,27.80,62.62,12,1
2025-12-24T11:55:51.526Z,38.89557600,121.69276400,27.80,62.62,12,1
2025-12-24T11:55:51.625Z,38.89557600,121.69276400,27.80,62.62,12,1
2025-12-24T11:55:51.723Z,38.89557600,121.69276400,27.80,62.62,12,1
2025-12-24T11:55:51.891Z,38.89557600,121.69276400,27.80,62.62,12,1
2025-12-24T11:55:51.927Z,38.89557600,121.69276400,27.80,62.62,12,1
2025-12-24T11:55:52.023Z,38.89557600,121.69276400,27.80,62.62,12,1
2025-12-24T11:55:52.154Z,38.89557600,121.69276400,27.80,62.62,12,1
2025-12-24T11:55:52.219Z,38.89547100,121.69291600,27.10,64.13,12,1
2025-12-24T11:55:52.350Z,38.89547100,121.69291600,27.10,64.13,12,1
2025-12-24T11:55:52.417Z,38.89547100,121.69291600,27.10,64.13,12,1
2025-12-24T11:55:52.614Z,38.89547100,121.69291600,27.10,64.13,12,1
2025-12-24T11:55:52.652Z,38.89547100,121.69291600,27.10,64.13,12,1
2025-12-24T11:55:52.749Z,38.89547100,121.69291600,27.10,64.13,12,1
2025-12-24T11:55:52.879Z,38.89547100,121.69291600,27.10,64.13,12,1
2025-12-24T11:55:52.979Z,38.89547100,121.69291600,27.10,64.13,12,1
2025-12-24T11:55:53.044Z,38.89547100,121.69291600,27.10,64.13,12,1
2025-12-24T11:55:53.142Z,38.89536400,121.69307200,27.10,64.69,12,1
2025-12-24T11:55:53.275Z,38.89536400,121.69307200,26.30,64.69,12,1
2025-12-24T11:55:53.340Z,38.89536400,121.69307200,26.30,64.69,12,1
2025-12-24T11:55:53.440Z,38.89536400,121.69307200,26.30,64.69,12,1
2025-12-24T11:55:53.571Z,38.89536400,121.69307200,26.30,64.69,12,1
2025-12-24T11:55:53.638Z,38.89536400,121.69307200,26.30,64.69,12,1
2025-12-24T11:55:53.736Z,38.89536400,121.69307200,26.30,64.69,12,1
2025-12-24T11:55:53.836Z,38.89536400,121.69307200,26.30,64.69,12,1
2025-12-24T11:55:53.934Z,38.89536400,121.69307200,26.30,64.69,12,1
2025-12-24T11:55:54.034Z,38.89536400,121.69307200,26.30,64.69,12,1
2025-12-24T11:55:54.133Z,38.89525600,121.69322700,25.50,64.88,12,1
2025-12-24T11:55:54.266Z,38.89525600,121.69322700,25.50,64.88,12,1
2025-12-24T11:55:54.365Z,38.89525600,121.69322700,25.50,64.88,12,1
2025-12-24T11:55:54.464Z,38.89525600,121.69322700,25.50,64.88,12,1
2025-12-24T11:55:54.529Z,38.89525600,121.69322700,25.50,64.88,12,1
2025-12-24T11:55:54.662Z,38.89525600,121.69322700,25.50,64.88,12,1
2025-12-24T11:55:54.760Z,38.89525600,121.69322700,25.50,64.88,12,1
2025-12-24T11:55:54.859Z,38.89525600,121.69322700,25.50,64.88,12,1
2025-12-24T11:55:54.958Z,38.89525600,121.69322700,25.50,64.88,12,1
2025-12-24T11:55:55.057Z,38.89525600,121.69322700,25.50,64.88,12,1
2025-12-24T11:55:55.156Z,38.89514800,121.69338200,24.70,64.62,12,1
2025-12-24T11:55:55.253Z,38.89514800,121.69338200,24.70,64.62,12,1
2025-12-24T11:55:55.385Z,38.89514800,121.69338200,24.70,64.62,12,1
2025-12-24T11:55:55.484Z,38.89514800,121.69338200,24.70,64.62,12,1
2025-12-24T11:55:55.551Z,38.89514800,121.69338200,24.70,64.62,12,1
2025-12-24T11:55:55.715Z,38.89514800,121.69338200,24.70,64.62,12,1
2025-12-24T11:55:55.748Z,38.89514800,121.69338200,24.70,64.62,12,1
2025-12-24T11:55:55.880Z,38.89514800,121.69338200,24.70,64.62,12,1
2025-12-24T11:55:55.979Z,38.89514800,121.69338200,24.70,64.62,12,1
2025-12-24T11:55:56.078Z,38.89514800,121.69338200,24.70,64.62,12,1
2025-12-24T11:55:56.143Z,38.89504100,121.69353600,24.00,64.06,12,1
2025-12-24T11:55:56.276Z,38.89504100,121.69353600,24.00,64.06,12,1
2025-12-24T11:55:56.377Z,38.89504100,121.69353600,24.00,64.06,12,1
2025-12-24T11:55:56.477Z,38.89504100,121.69353600,24.00,64.06,12,1
2025-12-24T11:55:56.607Z,38.89504100,121.69353600,24.00,64.06,12,1
2025-12-24T11:55:56.674Z,38.89504100,121.69353600,24.00,64.06,12,1
2025-12-24T11:55:56.804Z,38.89504100,121.69353600,24.00,64.06,12,1
2025-12-24T11:55:56.870Z,38.89504100,121.69353600,24.00,64.06,12,1
2025-12-24T11:55:57.003Z,38.89504100,121.69353600,24.00,64.06,12,1
2025-12-24T11:55:57.103Z,38.89504100,121.69353600,24.00,64.06,12,1
2025-12-24T11:55:57.202Z,38.89493500,121.69368800,23.20,63.32,12,1
2025-12-24T11:55:57.268Z,38.89493500,121.69368800,23.20,63.32,12,1
2025-12-24T11:55:57.365Z,38.89493500,121.69368800,23.20,63.32,12,1
2025-12-24T11:55:57.500Z,38.89493500,121.69368800,23.20,63.32,12,1
2025-12-24T11:55:57.597Z,38.89493500,121.69368800,23.20,63.32,12,1
2025-12-24T11:55:57.696Z,38.89493500,121.69368800,23.20,63.32,12,1
2025-12-24T11:55:57.829Z,38.89493500,121.69368800,23.20,63.32,12,1
2025-12-24T11:55:57.895Z,38.89493500,121.69368800,23.20,63.32,12,1
2025-12-24T11:55:57.994Z,38.89493500,121.69368800,23.20,63.32,12,1
2025-12-24T11:55:58.094Z,38.89493500,121.69368800,23.20,63.32,12,1
2025-12-24T11:55:58.191Z,38.89483300,121.69383100,22.60,59.21,12,1
2025-12-24T11:55:58.290Z,38.89483300,121.69383100,22.60,59.21,12,1
2025-12-24T11:55:58.390Z,38.89483300,121.69383100,22.60,59.21,12,1
2025-12-24T11:55:58.522Z,38.89483300,121.69383100,22.60,59.21,12,1
2025-12-24T11:55:58.587Z,38.89483300,121.69383100,22.60,59.21,12,1
2025-12-24T11:55:58.686Z,38.89483300,121.69383100,22.60,59.21,12,1
2025-12-24T11:55:58.785Z,38.89483300,121.69383100,22.60,59.21,12,1
2025-12-24T11:55:58.918Z,38.89483300,121.69383100,22.60,59.21,12,1
2025-12-24T11:55:58.983Z,38.89483300,121.69383100,22.60,59.21,12,1
2025-12-24T11:55:59.084Z,38.89483300,121.69383100,22.60,59.21,12,1
2025-12-24T11:55:59.248Z,38.89473800,121.69395800,21.90,52.45,12,1
2025-12-24T11:55:59.313Z,38.89473800,121.69395800,21.90,52.45,12,1
2025-12-24T11:55:59.413Z,38.89473800,121.69395800,21.90,52.45,12,1
2025-12-24T11:55:59.511Z,38.89473800,121.69395800,21.90,52.45,12,1
2025-12-24T11:55:59.611Z,38.89473800,121.69395800,21.90,52.45,12,1
2025-12-24T11:55:59.710Z,38.89473800,121.69395800,21.90,52.45,12,1
2025-12-24T11:55:59.809Z,38.89473800,121.69395800,21.90,52.45,12,1
2025-12-24T11:55:59.908Z,38.89473800,121.69395800,21.90,52.45,12,1
2025-12-24T11:56:00.006Z,38.89473800,121.69395800,21.90,52.45,12,1
2025-12-24T11:56:00.105Z,38.89473800,121.69395800,21.90,52.45,12,1
2025-12-24T11:56:00.204Z,38.89464700,121.69407100,21.40,49.67,12,1
2025-12-24T11:56:00.304Z,38.89464700,121.69407100,21.40,49.67,12,1
2025-12-24T11:56:00.469Z,38.89464700,121.69407100,21.40,49.67,12,1
2025-12-24T11:56:00.500Z,38.89464700,121.69407100,21.40,49.67,12,1
2025-12-24T11:56:00.634Z,38.89464700,121.69407100,21.40,49.67,12,1
2025-12-24T11:56:00.733Z,38.89464700,121.69407100,21.40,49.67,12,1
2025-12-24T11:56:00.829Z,38.89464700,121.69407100,21.40,49.67,12,1
2025-12-24T11:56:00.930Z,38.89464700,121.69407100,21.40,49.67,12,1
2025-12-24T11:56:01.030Z,38.89464700,121.69407100,21.40,49.67,12,1
2025-12-24T11:56:01.127Z,38.89464700,121.69407100,21.40,49.67,12,1
2025-12-24T11:56:01.226Z,38.89455500,121.69416500,21.00,46.02,12,1
2025-12-24T11:56:01.326Z,38.89455500,121.69416500,21.00,46.02,12,1
2025-12-24T11:56:01.426Z,38.89455500,121.69416500,21.00,46.02,12,1
2025-12-24T11:56:01.524Z,38.89455500,121.69416500,21.00,46.02,12,1
2025-12-24T11:56:01.624Z,38.89455500,121.69416500,21.00,46.02,12,1
2025-12-24T11:56:01.722Z,38.89455500,121.69416500,21.00,46.02,12,1
2025-12-24T11:56:01.886Z,38.89455500,121.69416500,21.00,46.02,12,1
2025-12-24T11:56:01.920Z,38.89455500,121.69416500,21.00,46.02,12,1
2025-12-24T11:56:02.018Z,38.89455500,121.69416500,21.00,46.02,12,1
2025-12-24T11:56:02.116Z,38.89455500,121.69416500,21.00,46.02,12,1
2025-12-24T11:56:02.216Z,38.89445800,121.69423700,20.60,44.60,12,1
2025-12-24T11:56:02.317Z,38.89445800,121.69423700,20.60,44.60,12,1
2025-12-24T11:56:02.453Z,38.89445800,121.69423700,20.60,44.60,12,1
2025-12-24T11:56:02.513Z,38.89445800,121.69423700,20.60,44.60,12,1
2025-12-24T11:56:02.647Z,38.89445800,121.69423700,20.60,44.60,12,1
2025-12-24T11:56:02.711Z,38.89445800,121.69423700,20.60,44.60,12,1
2025-12-24T11:56:02.844Z,38.89445800,121.69423700,20.60,44.60,12,1
2025-12-24T11:56:02.943Z,38.89445800,121.69423700,20.60,44.60,12,1
2025-12-24T11:56:03.042Z,38.89445800,121.69423700,20.60,44.60,12,1
2025-12-24T11:56:03.140Z,38.89435100,121.69429000,20.60,46.02,12,1
2025-12-24T11:56:03.239Z,38.89435100,121.69429000,20.40,46.02,12,1
2025-12-24T11:56:03.341Z,38.89435100,121.69429000,20.40,46.02,12,1
2025-12-24T11:56:03.442Z,38.89435100,121.69429000,20.40,46.02,12,1
2025-12-24T11:56:03.539Z,38.89435100,121.69429000,20.40,46.02,12,1
2025-12-24T11:56:03.638Z,38.89435100,121.69429000,20.40,46.02,12,1
2025-12-24T11:56:03.735Z,38.89435100,121.69429000,20.40,46.02,12,1
2025-12-24T11:56:03.872Z,38.89435100,121.69429000,20.40,46.02,12,1
2025-12-24T11:56:03.967Z,38.89435100,121.69429000,20.40,46.02,12,1
2025-12-24T11:56:04.065Z,38.89435100,121.69429000,20.40,46.02,12,1
2025-12-24T11:56:04.133Z,38.89423500,121.69433000,20.30,49.34,12,1
2025-12-24T11:56:04.233Z,38.89423500,121.69433000,20.30,49.34,12,1
2025-12-24T11:56:04.331Z,38.89423500,121.69433000,20.30,49.34,12,1
2025-12-24T11:56:04.500Z,38.89423500,121.69433000,20.30,49.34,12,1
2025-12-24T11:56:04.534Z,38.89423500,121.69433000,20.30,49.34,12,1
2025-12-24T11:56:04.658Z,38.89423500,121.69433000,20.30,49.34,12,1
2025-12-24T11:56:04.757Z,38.89423500,121.69433000,20.30,49.34,12,1
2025-12-24T11:56:04.858Z,38.89423500,121.69433000,20.30,49.34,12,1
2025-12-24T11:56:04.956Z,38.89423500,121.69433000,20.30,49.34,12,1
2025-12-24T11:56:05.055Z,38.89423500,121.69433000,20.30,49.34,12,1
2025-12-24T11:56:05.156Z,38.89410800,121.69436500,20.10,52.56,12,1
2025-12-24T11:56:05.253Z,38.89410800,121.69436500,20.10,52.56,12,1
2025-12-24T11:56:05.352Z,38.89410800,121.69436500,20.10,52.56,12,1
2025-12-24T11:56:05.452Z,38.89410800,121.69436500,20.10,52.56,12,1
2025-12-24T11:56:05.550Z,38.89410800,121.69436500,20.10,52.56,12,1
2025-12-24T11:56:05.649Z,38.89410800,121.69436500,20.10,52.56,12,1
2025-12-24T11:56:05.781Z,38.89410800,121.69436500,20.10,52.56,12,1
2025-12-24T11:56:05.881Z,38.89410800,121.69436500,20.10,52.56,12,1
2025-12-24T11:56:05.946Z,38.89410800,121.69436500,20.10,52.56,12,1
2025-12-24T11:56:06.078Z,38.89410800,121.69436500,20.10,52.56,12,1
2025-12-24T11:56:06.146Z,38.89397300,121.69439800,20.00,55.50,12,1
2025-12-24T11:56:06.278Z,38.89397300,121.69439800,20.00,55.50,12,1
2025-12-24T11:56:06.375Z,38.89397300,121.69439800,20.00,55.50,12,1
2025-12-24T11:56:06.476Z,38.89397300,121.69439800,20.00,55.50,12,1
2025-12-24T11:56:06.573Z,38.89397300,121.69439800,20.00,55.50,12,1
2025-12-24T11:56:06.673Z,38.89397300,121.69439800,20.00,55.50,12,1
2025-12-24T11:56:06.772Z,38.89397300,121.69439800,20.00,55.50,12,1
2025-12-24T11:56:06.870Z,38.89397300,121.69439800,20.00,55.50,12,1
2025-12-24T11:56:06.971Z,38.89397300,121.69439800,20.00,55.50,12,1
2025-12-24T11:56:07.101Z,38.89397300,121.69439800,20.00,55.50,12,1
2025-12-24T11:56:07.167Z,38.89383300,121.69442900,19.90,57.36,12,1
2025-12-24T11:56:07.266Z,38.89383300,121.69442900,19.90,57.36,12,1
2025-12-24T11:56:07.365Z,38.89383300,121.69442900,19.90,57.36,12,1
2025-12-24T11:56:07.498Z,38.89383300,121.69442900,19.90,57.36,12,1
2025-12-24T11:56:07.596Z,38.89383300,121.69442900,19.90,57.36,12,1
2025-12-24T11:56:07.728Z,38.89383300,121.69442900,19.90,57.36,12,1
2025-12-24T11:56:07.793Z,38.89383300,121.69442900,19.90,57.36,12,1
2025-12-24T11:56:07.894Z,38.89383300,121.69442900,19.90,57.36,12,1
2025-12-24T11:56:07.993Z,38.89383300,121.69442900,19.90,57.36,12,1
2025-12-24T11:56:08.092Z,38.89383300,121.69442900,19.90,57.36,12,1
2025-12-24T11:56:08.191Z,38.89368900,121.69445800,19.60,58.23,12,1
2025-12-24T11:56:08.289Z,38.89368900,121.69445800,19.60,58.23,12,1
2025-12-24T11:56:08.389Z,38.89368900,121.69445800,19.60,58.23,12,1
2025-12-24T11:56:08.488Z,38.89368900,121.69445800,19.60,58.23,12,1
2025-12-24T11:56:08.587Z,38.89368900,121.69445800,19.60,58.23,12,1
2025-12-24T11:56:08.685Z,38.89368900,121.69445800,19.60,58.23,12,1
2025-12-24T11:56:08.818Z,38.89368900,121.69445800,19.60,58.23,12,1
2025-12-24T11:56:08.883Z,38.89368900,121.69445800,19.60,58.23,12,1
2025-12-24T11:56:09.049Z,38.89368900,121.69445800,19.60,58.23,12,1
2025-12-24T11:56:09.084Z,38.89368900,121.69445800,19.60,58.23,12,1
2025-12-24T11:56:09.213Z,38.89354400,121.69448700,19.30,58.67,12,1
2025-12-24T11:56:09.278Z,38.89354400,121.69448700,19.30,58.67,12,1
2025-12-24T11:56:09.412Z,38.89354400,121.69448700,19.30,58.67,12,1
2025-12-24T11:56:09.510Z,38.89354400,121.69448700,19.30,58.67,12,1
2025-12-24T11:56:09.610Z,38.89354400,121.69448700,19.30,58.67,12,1
2025-12-24T11:56:09.708Z,38.89354400,121.69448700,19.30,58.67,12,1
2025-12-24T11:56:09.807Z,38.89354400,121.69448700,19.30,58.67,12,1
2025-12-24T11:56:09.906Z,38.89354400,121.69448700,19.30,58.67,12,1
2025-12-24T11:56:10.006Z,38.89354400,121.69448700,19.30,58.67,12,1
2025-12-24T11:56:10.103Z,38.89354400,121.69448700,19.30,58.67,12,1
2025-12-24T11:56:10.205Z,38.89339700,121.69451600,19.10,59.23,12,1
2025-12-24T11:56:10.302Z,38.89339700,121.69451600,19.10,59.23,12,1
2025-12-24T11:56:10.435Z,38.89339700,121.69451600,19.10,59.23,12,1
2025-12-24T11:56:10.533Z,38.89339700,121.69451600,19.10,59.23,12,1
2025-12-24T11:56:10.599Z,38.89339700,121.69451600,19.10,59.23,12,1
2025-12-24T11:56:10.699Z,38.89339700,121.69451600,19.10,59.23,12,1
2025-12-24T11:56:10.830Z,38.89339700,121.69451600,19.10,59.23,12,1
2025-12-24T11:56:10.929Z,38.89339700,121.69451600,19.10,59.23,12,1
2025-12-24T11:56:11.028Z,38.89339700,121.69451600,19.10,59.23,12,1
2025-12-24T11:56:11.126Z,38.89339700,121.69451600,19.10,59.23,12,1
2025-12-24T11:56:11.227Z,38.89325100,121.69454400,18.80,58.71,12,1
2025-12-24T11:56:11.325Z,38.89325100,121.69454400,18.80,58.71,12,1
2025-12-24T11:56:11.424Z,38.89325100,121.69454400,18.80,58.71,12,1
2025-12-24T11:56:11.523Z,38.89325100,121.69454400,18.80,58.71,12,1
2025-12-24T11:56:11.623Z,38.89325100,121.69454400,18.80,58.71,12,1
2025-12-24T11:56:11.755Z,38.89325100,121.69454400,18.80,58.71,12,1
2025-12-24T11:56:11.820Z,38.89325100,121.69454400,18.80,58.71,12,1
2025-12-24T11:56:11.920Z,38.89325100,121.69454400,18.80,58.71,12,1
2025-12-24T11:56:12.019Z,38.89325100,121.69454400,18.80,58.71,12,1
2025-12-24T11:56:12.117Z,38.89325100,121.69454400,18.80,58.71,12,1
2025-12-24T11:56:12.215Z,38.89310800,121.69457100,18.60,57.28,12,1
2025-12-24T11:56:12.381Z,38.89310800,121.69457100,18.60,57.28,12,1
2025-12-24T11:56:12.416Z,38.89310800,121.69457100,18.60,57.28,12,1
2025-12-24T11:56:12.548Z,38.89310800,121.69457100,18.60,57.28,12,1
2025-12-24T11:56:12.611Z,38.89310800,121.69457100,18.60,57.28,12,1
2025-12-24T11:56:12.745Z,38.89310800,121.69457100,18.60,57.28,12,1
2025-12-24T11:56:12.812Z,38.89310800,121.69457100,18.60,57.28,12,1
2025-12-24T11:56:12.942Z,38.89310800,121.69457100,18.60,57.28,12,1
2025-12-24T11:56:13.040Z,38.89310800,121.69457100,18.60,57.28,12,1
2025-12-24T11:56:13.139Z,38.89310800,121.69457100,18.60,57.28,12,1
2025-12-24T11:56:13.238Z,38.89297200,121.69459600,18.40,53.36,12,1
2025-12-24T11:56:13.338Z,38.89297200,121.69459600,18.40,53.36,12,1
2025-12-24T11:56:13.436Z,38.89297200,121.69459600,18.40,53.36,12,1
2025-12-24T11:56:13.535Z,38.89297200,121.69459600,18.40,53.36,12,1
2025-12-24T11:56:13.634Z,38.89297200,121.69459600,18.40,53.36,12,1
2025-12-24T11:56:13.733Z,38.89297200,121.69459600,18.40,53.36,12,1
2025-12-24T11:56:13.832Z,38.89297200,121.69459600,18.40,53.36,12,1
2025-12-24T11:56:13.997Z,38.89297200,121.69459600,18.40,53.36,12,1
2025-12-24T11:56:14.036Z,38.89297200,121.69459600,18.40,53.36,12,1
2025-12-24T11:56:14.162Z,38.89284500,121.69462100,18.30,50.10,12,1
2025-12-24T11:56:14.228Z,38.89284500,121.69462100,18.30,50.10,12,1
2025-12-24T11:56:14.360Z,38.89284500,121.69462100,18.30,50.10,12,1
2025-12-24T11:56:14.459Z,38.89284500,121.69462100,18.30,50.10,12,1
2025-12-24T11:56:14.558Z,38.89284500,121.69462100,18.30,50.10,12,1
2025-12-24T11:56:14.657Z,38.89284500,121.69462100,18.30,50.10,12,1
2025-12-24T11:56:14.756Z,38.89284500,121.69462100,18.30,50.10,12,1
2025-12-24T11:56:14.855Z,38.89284500,121.69462100,18.30,50.10,12,1
2025-12-24T11:56:14.954Z,38.89284500,121.69462100,18.30,50.10,12,1
2025-12-24T11:56:15.086Z,38.89284500,121.69462100,18.30,50.10,12,1
2025-12-24T11:56:15.152Z,38.89272400,121.69464500,18.10,48.28,12,1
2025-12-24T11:56:15.318Z,38.89272400,121.69464500,18.10,48.28,12,1
2025-12-24T11:56:15.350Z,38.89272400,121.69464500,18.10,48.28,12,1
2025-12-24T11:56:15.449Z,38.89272400,121.69464500,18.10,48.28,12,1
2025-12-24T11:56:15.582Z,38.89272400,121.69464500,18.10,48.28,12,1
2025-12-24T11:56:15.714Z,38.89272400,121.69464500,18.10,48.28,12,1
2025-12-24T11:56:15.747Z,38.89272400,121.69464500,18.10,48.28,12,1
2025-12-24T11:56:15.845Z,38.89272400,121.69464500,18.10,48.28,12,1
2025-12-24T11:56:15.977Z,38.89272400,121.69464500,18.10,48.28,12,1
2025-12-24T11:56:16.076Z,38.89272400,121.69464500,18.10,48.28,12,1
2025-12-24T11:56:16.176Z,38.89260800,121.69467200,18.00,46.80,12,1
2025-12-24T11:56:16.274Z,38.89260800,121.69467200,18.00,46.80,12,1
2025-12-24T11:56:16.409Z,38.89260800,121.69467200,18.00,46.80,12,1
2025-12-24T11:56:16.472Z,38.89260800,121.69467200,18.00,46.80,12,1
2025-12-24T11:56:16.571Z,38.89260800,121.69467200,18.00,46.80,12,1
2025-12-24T11:56:16.670Z,38.89260800,121.69467200,18.00,46.80,12,1
2025-12-24T11:56:16.768Z,38.89260800,121.69467200,18.00,46.80,12,1
2025-12-24T11:56:16.901Z,38.89260800,121.69467200,18.00,46.80,12,1
2025-12-24T11:56:17.000Z,38.89260800,121.69467200,18.00,46.80,12,1
2025-12-24T11:56:17.066Z,38.89260800,121.69467200,18.00,46.80,12,1
2025-12-24T11:56:17.165Z,38.89249400,121.69470000,17.80,45.58,12,1
2025-12-24T11:56:17.297Z,38.89249400,121.69470000,17.80,45.58,12,1
2025-12-24T11:56:17.396Z,38.89249400,121.69470000,17.80,45.58,12,1
2025-12-24T11:56:17.495Z,38.89249400,121.69470000,17.80,45.58,12,1
2025-12-24T11:56:17.594Z,38.89249400,121.69470000,17.80,45.58,12,1
2025-12-24T11:56:17.694Z,38.89249400,121.69470000,17.80,45.58,12,1
2025-12-24T11:56:17.792Z,38.89249400,121.69470000,17.80,45.58,12,1
2025-12-24T11:56:17.924Z,38.89249400,121.69470000,17.80,45.58,12,1
2025-12-24T11:56:17.990Z,38.89249400,121.69470000,17.80,45.58,12,1
2025-12-24T11:56:18.089Z,38.89249400,121.69470000,17.80,45.58,12,1
2025-12-24T11:56:18.188Z,38.89238400,121.69473100,17.70,45.06,12,1
2025-12-24T11:56:18.286Z,38.89238400,121.69473100,17.70,45.06,12,1
2025-12-24T11:56:18.452Z,38.89238400,121.69473100,17.70,45.06,12,1
2025-12-24T11:56:18.485Z,38.89238400,121.69473100,17.70,45.06,12,1
2025-12-24T11:56:18.583Z,38.89238400,121.69473100,17.70,45.06,12,1
2025-12-24T11:56:18.716Z,38.89238400,121.69473100,17.70,45.06,12,1
2025-12-24T11:56:18.815Z,38.89238400,121.69473100,17.70,45.06,12,1
2025-12-24T11:56:18.880Z,38.89238400,121.69473100,17.70,45.06,12,1
2025-12-24T11:56:18.980Z,38.89238400,121.69473100,17.70,45.06,12,1
2025-12-24T11:56:19.078Z,38.89238400,121.69473100,17.70,45.06,12,1
2025-12-24T11:56:19.243Z,38.89227500,121.69476700,17.60,45.10,12,1
2025-12-24T11:56:19.310Z,38.89227500,121.69476700,17.60,45.10,12,1
2025-12-24T11:56:19.408Z,38.89227500,121.69476700,17.60,45.10,12,1
2025-12-24T11:56:19.507Z,38.89227500,121.69476700,17.60,45.10,12,1
2025-12-24T11:56:19.606Z,38.89227500,121.69476700,17.60,45.10,12,1
2025-12-24T11:56:19.705Z,38.89227500,121.69476700,17.60,45.10,12,1
2025-12-24T11:56:19.806Z,38.89227500,121.69476700,17.60,45.10,12,1
2025-12-24T11:56:19.903Z,38.89227500,121.69476700,17.60,45.10,12,1
2025-12-24T11:56:20.002Z,38.89227500,121.69476700,17.60,45.10,12,1
2025-12-24T11:56:20.101Z,38.89227500,121.69476700,17.60,45.10,12,1
2025-12-24T11:56:20.201Z,38.89216800,121.69481000,17.40,44.08,12,1
2025-12-24T11:56:20.365Z,38.89216800,121.69481000,17.40,44.08,12,1
2025-12-24T11:56:20.398Z,38.89216800,121.69481000,17.40,44.08,12,1
2025-12-24T11:56:20.530Z,38.89216800,121.69481000,17.40,44.08,12,1
2025-12-24T11:56:20.628Z,38.89216800,121.69481000,17.40,44.08,12,1
2025-12-24T11:56:20.728Z,38.89216800,121.69481000,17.40,44.08,12,1
2025-12-24T11:56:20.826Z,38.89216800,121.69481000,17.40,44.08,12,1
2025-12-24T11:56:20.926Z,38.89216800,121.69481000,17.40,44.08,12,1
2025-12-24T11:56:21.057Z,38.89216800,121.69481000,17.40,44.08,12,1
2025-12-24T11:56:21.124Z,38.89216800,121.69481000,17.40,44.08,12,1
2025-12-24T11:56:21.223Z,38.89206900,121.69485300,17.30,40.50,12,1
2025-12-24T11:56:21.321Z,38.89206900,121.69485300,17.30,40.50,12,1
2025-12-24T11:56:21.421Z,38.89206900,121.69485300,17.30,40.50,12,1
2025-12-24T11:56:21.519Z,38.89206900,121.69485300,17.30,40.50,12,1
2025-12-24T11:56:21.619Z,38.89206900,121.69485300,17.30,40.50,12,1
2025-12-24T11:56:21.717Z,38.89206900,121.69485300,17.30,40.50,12,1
2025-12-24T11:56:21.816Z,38.89206900,121.69485300,17.30,40.50,12,1
2025-12-24T11:56:21.915Z,38.89206900,121.69485300,17.30,40.50,12,1
2025-12-24T11:56:22.014Z,38.89206900,121.69485300,17.30,40.50,12,1
2025-12-24T11:56:22.113Z,38.89206900,121.69485300,17.30,40.50,12,1
2025-12-24T11:56:22.212Z,38.89198100,121.69489500,17.20,36.17,12,1
2025-12-24T11:56:22.345Z,38.89198100,121.69489500,17.20,36.17,12,1
2025-12-24T11:56:22.443Z,38.89198100,121.69489500,17.20,36.17,12,1
2025-12-24T11:56:22.542Z,38.89198100,121.69489500,17.20,36.17,12,1
2025-12-24T11:56:22.642Z,38.89198100,121.69489500,17.20,36.17,12,1
2025-12-24T11:56:22.740Z,38.89198100,121.69489500,17.20,36.17,12,1
2025-12-24T11:56:22.839Z,38.89198100,121.69489500,17.20,36.17,12,1
2025-12-24T11:56:22.938Z,38.89198100,121.69489500,17.20,36.17,12,1
2025-12-24T11:56:23.037Z,38.89198100,121.69489500,17.20,36.17,12,1
2025-12-24T11:56:23.136Z,38.89198100,121.69489500,17.20,36.17,12,1
2025-12-24T11:56:23.235Z,38.89190300,121.69493100,17.10,31.87,12,1
2025-12-24T11:56:23.334Z,38.89190300,121.69493100,17.10,31.87,12,1
2025-12-24T11:56:23.433Z,38.89190300,121.69493100,17.10,31.87,12,1
2025-12-24T11:56:23.532Z,38.89190300,121.69493100,17.10,31.87,12,1
2025-12-24T11:56:23.664Z,38.89190300,121.69493100,17.10,31.87,12,1
2025-12-24T11:56:23.763Z,38.89190300,121.69493100,17.10,31.87,12,1
2025-12-24T11:56:23.829Z,38.89190300,121.69493100,17.10,31.87,12,1
2025-12-24T11:56:23.927Z,38.89190300,121.69493100,17.10,31.87,12,1
2025-12-24T11:56:24.060Z,38.89190300,121.69493100,17.10,31.87,12,1
2025-12-24T11:56:24.125Z,38.89183800,121.69495800,17.00,25.17,12,1
2025-12-24T11:56:24.259Z,38.89183800,121.69495800,17.00,25.17,12,1
2025-12-24T11:56:24.357Z,38.89183800,121.69495800,17.00,25.17,12,1
2025-12-24T11:56:24.455Z,38.89183800,121.69495800,17.00,25.17,12,1
2025-12-24T11:56:24.554Z,38.89183800,121.69495800,17.00,25.17,12,1
2025-12-24T11:56:24.653Z,38.89183800,121.69495800,17.00,25.17,12,1
2025-12-24T11:56:24.752Z,38.89183800,121.69495800,17.00,25.17,12,1
2025-12-24T11:56:24.918Z,38.89183800,121.69495800,17.00,25.17,12,1
2025-12-24T11:56:24.953Z,38.89183800,121.69495800,17.00,25.17,12,1
2025-12-24T11:56:25.049Z,38.89183800,121.69495800,17.00,25.17,12,1
2025-12-24T11:56:25.149Z,38.89178300,121.69497500,16.90,21.69,12,1
2025-12-24T11:56:25.247Z,38.89178300,121.69497500,16.90,21.69,12,1
2025-12-24T11:56:25.379Z,38.89178300,121.69497500,16.90,21.69,12,1
2025-12-24T11:56:25.478Z,38.89178300,121.69497500,16.90,21.69,12,1
2025-12-24T11:56:25.577Z,38.89178300,121.69497500,16.90,21.69,12,1
2025-12-24T11:56:25.676Z,38.89178300,121.69497500,16.90,21.69,12,1
2025-12-24T11:56:25.741Z,38.89178300,121.69497500,16.90,21.69,12,1
2025-12-24T11:56:25.841Z,38.89178300,121.69497500,16.90,21.69,12,1
2025-12-24T11:56:25.973Z,38.89178300,121.69497500,16.90,21.69,12,1
2025-12-24T11:56:26.105Z,38.89178300,121.69497500,16.90,21.69,12,1
2025-12-24T11:56:26.171Z,38.89173200,121.69498400,16.90,19.67,12,1
2025-12-24T11:56:26.270Z,38.89173200,121.69498400,16.90,19.67,12,1
2025-12-24T11:56:26.369Z,38.89173200,121.69498400,16.90,19.67,12,1
2025-12-24T11:56:26.467Z,38.89173200,121.69498400,16.90,19.67,12,1
2025-12-24T11:56:26.567Z,38.89173200,121.69498400,16.90,19.67,12,1
2025-12-24T11:56:26.664Z,38.89173200,121.69498400,16.90,19.67,12,1
2025-12-24T11:56:26.798Z,38.89173200,121.69498400,16.90,19.67,12,1
2025-12-24T11:56:26.897Z,38.89173200,121.69498400,16.90,19.67,12,1
2025-12-24T11:56:26.962Z,38.89173200,121.69498400,16.90,19.67,12,1
2025-12-24T11:56:27.062Z,38.89173200,121.69498400,16.90,19.67,12,1
2025-12-24T11:56:27.195Z,38.89168800,121.69499100,17.00,17.02,12,1
2025-12-24T11:56:27.259Z,38.89168800,121.69499100,17.00,17.02,12,1
2025-12-24T11:56:27.392Z,38.89168800,121.69499100,17.00,17.02,12,1
2025-12-24T11:56:27.491Z,38.89168800,121.69499100,17.00,17.02,12,1
2025-12-24T11:56:27.556Z,38.89168800,121.69499100,17.00,17.02,12,1
2025-12-24T11:56:27.688Z,38.89168800,121.69499100,17.00,17.02,12,1
2025-12-24T11:56:27.787Z,38.89168800,121.69499100,17.00,17.02,12,1
2025-12-24T11:56:27.885Z,38.89168800,121.69499100,17.00,17.02,12,1
2025-12-24T11:56:27.985Z,38.89168800,121.69499100,17.00,17.02,12,1
2025-12-24T11:56:28.086Z,38.89168800,121.69499100,17.00,17.02,12,1
2025-12-24T11:56:28.216Z,38.89164900,121.69499800,17.00,14.39,12,1
2025-12-24T11:56:28.281Z,38.89164900,121.69499800,17.00,14.39,12,1
2025-12-24T11:56:28.384Z,38.89164900,121.69499800,17.00,14.39,12,1
2025-12-24T11:56:28.513Z,38.89164900,121.69499800,17.00,14.39,12,1
2025-12-24T11:56:28.578Z,38.89164900,121.69499800,17.00,14.39,12,1
2025-12-24T11:56:28.710Z,38.89164900,121.69499800,17.00,14.39,12,1
2025-12-24T11:56:28.778Z,38.89164900,121.69499800,17.00,14.39,12,1
2025-12-24T11:56:28.909Z,38.89164900,121.69499800,17.00,14.39,12,1
2025-12-24T11:56:29.008Z,38.89164900,121.69499800,17.00,14.39,12,1
2025-12-24T11:56:29.107Z,38.89164900,121.69499800,17.00,14.39,12,1
2025-12-24T11:56:29.174Z,38.89161600,121.69500700,17.00,13.15,12,1
2025-12-24T11:56:29.307Z,38.89161600,121.69500700,17.00,13.15,12,1
2025-12-24T11:56:29.406Z,38.89161600,121.69500700,17.00,13.15,12,1
2025-12-24T11:56:29.504Z,38.89161600,121.69500700,17.00,13.15,12,1
2025-12-24T11:56:29.602Z,38.89161600,121.69500700,17.00,13.15,12,1
2025-12-24T11:56:29.701Z,38.89161600,121.69500700,17.00,13.15,12,1
2025-12-24T11:56:29.801Z,38.89161600,121.69500700,17.00,13.15,12,1
2025-12-24T11:56:29.901Z,38.89161600,121.69500700,17.00,13.15,12,1
2025-12-24T11:56:30.000Z,38.89161600,121.69500700,17.00,13.15,12,1
2025-12-24T11:56:30.132Z,38.89161600,121.69500700,17.00,13.15,12,1
2025-12-24T11:56:30.230Z,38.89159100,121.69501400,16.90,8.67,12,1
2025-12-24T11:56:30.297Z,38.89159100,121.69501400,16.90,8.67,12,1
2025-12-24T11:56:30.396Z,38.89159100,121.69501400,16.90,8.67,12,1
2025-12-24T11:56:30.528Z,38.89159100,121.69501400,16.90,8.67,12,1
2025-12-24T11:56:30.626Z,38.89159100,121.69501400,16.90,8.67,12,1
2025-12-24T11:56:30.726Z,38.89159100,121.69501400,16.90,8.67,12,1
2025-12-24T11:56:30.858Z,38.89159100,121.69501400,16.90,8.67,12,1
2025-12-24T11:56:30.923Z,38.89159100,121.69501400,16.90,8.67,12,1
2025-12-24T11:56:31.021Z,38.89159100,121.69501400,16.90,8.67,12,1
2025-12-24T11:56:31.122Z,38.89159100,121.69501400,16.90,8.67,12,1
2025-12-24T11:56:31.219Z,38.89158300,121.69501700,16.80,1.37,12,1
2025-12-24T11:56:31.319Z,38.89158300,121.69501700,16.80,1.37,12,1
2025-12-24T11:56:31.418Z,38.89158300,121.69501700,16.80,1.37,12,1
2025-12-24T11:56:31.517Z,38.89158300,121.69501700,16.80,1.37,12,1
2025-12-24T11:56:31.615Z,38.89158300,121.69501700,16.80,1.37,12,1
2025-12-24T11:56:31.714Z,38.89158300,121.69501700,16.80,1.37,12,1
2025-12-24T11:56:31.813Z,38.89158300,121.69501700,16.80,1.37,12,1
2025-12-24T11:56:31.913Z,38.89158300,121.69501700,16.80,1.37,12,1
2025-12-24T11:56:32.012Z,38.89158300,121.69501700,16.80,1.37,12,1
2025-12-24T11:56:32.110Z,38.89158300,121.69501700,16.80,1.37,12,1
2025-12-24T11:56:32.341Z,38.89158200,121.69501700,16.80,0.06,12,1
2025-12-24T11:56:32.380Z,38.89158200,121.69501700,16.80,0.06,12,1
2025-12-24T11:56:32.440Z,38.89158200,121.69501700,16.80,0.06,12,1
2025-12-24T11:56:32.506Z,38.89158200,121.69501700,16.80,0.06,12,1
2025-12-24T11:56:32.639Z,38.89158200,121.69501700,16.80,0.06,12,1
2025-12-24T11:56:32.738Z,38.89158200,121.69501700,16.80,0.06,12,1
2025-12-24T11:56:32.836Z,38.89158200,121.69501700,16.80,0.06,12,1
2025-12-24T11:56:32.935Z,38.89158200,121.69501700,16.80,0.06,12,1
2025-12-24T11:56:33.035Z,38.89158200,121.69501700,16.80,0.06,12,1
2025-12-24T11:56:33.133Z,38.89158200,121.69501700,16.80,0.06,12,1
2025-12-24T11:56:33.233Z,38.89158200,121.69501700,16.80,0.02,12,1
2025-12-24T11:56:33.332Z,38.89158200,121.69501700,16.80,0.02,12,1
2025-12-24T11:56:33.464Z,38.89158200,121.69501700,16.80,0.02,12,1
2025-12-24T11:56:33.528Z,38.89158200,121.69501700,16.80,0.02,12,1
2025-12-24T11:56:33.661Z,38.89158200,121.69501700,16.80,0.02,12,1
2025-12-24T11:56:33.759Z,38.89158200,121.69501700,16.80,0.02,12,1
2025-12-24T11:56:33.858Z,38.89158200,121.69501700,16.80,0.02,12,1
2025-12-24T11:56:33.959Z,38.89158200,121.69501700,16.80,0.02,12,1
2025-12-24T11:56:34.023Z,38.89158200,121.69501700,16.80,0.02,12,1
2025-12-24T11:56:34.190Z,38.89158200,121.69501700,16.70,0.04,12,1
2025-12-24T11:56:34.224Z,38.89158200,121.69501700,16.70,0.04,12,1
2025-12-24T11:56:34.355Z,38.89158200,121.69501700,16.70,0.04,12,1
2025-12-24T11:56:34.454Z,38.89158200,121.69501700,16.70,0.04,12,1
2025-12-24T11:56:34.553Z,38.89158200,121.69501700,16.70,0.04,12,1
2025-12-24T11:56:34.652Z,38.89158200,121.69501700,16.70,0.04,12,1
2025-12-24T11:56:34.817Z,38.89158200,121.69501700,16.70,0.04,12,1
2025-12-24T11:56:34.852Z,38.89158200,121.69501700,16.70,0.04,12,1
2025-12-24T11:56:34.949Z,38.89158200,121.69501700,16.70,0.04,12,1
2025-12-24T11:56:35.081Z,38.89158200,121.69501700,16.70,0.04,12,1
2025-12-24T11:56:35.147Z,38.89158200,121.69501700,16.70,0.04,12,1
2025-12-24T11:56:35.246Z,38.89158200,121.69501700,16.70,0.04,12,1
2025-12-24T11:56:35.378Z,38.89158200,121.69501700,16.70,0.04,12,1
2025-12-24T11:56:35.477Z,38.89158200,121.69501700,16.70,0.04,12,1
2025-12-24T11:56:35.577Z,38.89158200,121.69501700,16.70,0.04,12,1
2025-12-24T11:56:35.640Z,38.89158200,121.69501700,16.70,0.04,12,1
2025-12-24T11:56:35.740Z,38.89158200,121.69501700,16.70,0.04,12,1
2025-12-24T11:56:35.839Z,38.89158200,121.69501700,16.70,0.04,12,1
2025-12-24T11:56:35.972Z,38.89158200,121.69501700,16.70,0.04,12,1
2025-12-24T11:56:36.071Z,38.89158200,121.69501700,16.70,0.04,12,1
2025-12-24T11:56:36.170Z,38.89158200,121.69501600,16.60,0.02,12,1
2025-12-24T11:56:36.269Z,38.89158200,121.69501600,16.60,0.02,12,1
2025-12-24T11:56:36.367Z,38.89158200,121.69501600,16.60,0.02,12,1
2025-12-24T11:56:36.466Z,38.89158200,121.69501600,16.60,0.02,12,1
2025-12-24T11:56:36.565Z,38.89158200,121.69501600,16.60,0.02,12,1
2025-12-24T11:56:36.664Z,38.89158200,121.69501600,16.60,0.02,12,1
2025-12-24T11:56:36.763Z,38.89158200,121.69501600,16.60,0.02,12,1
2025-12-24T11:56:36.862Z,38.89158200,121.69501600,16.60,0.02,12,1
2025-12-24T11:56:36.961Z,38.89158200,121.69501600,16.60,0.02,12,1
2025-12-24T11:56:37.092Z,38.89158200,121.69501600,16.60,0.02,12,1
2025-12-24T11:56:37.201Z,38.89158200,121.69501700,16.60,0.04,12,1
